Image ID,Sequence,Category,Script Page,Archive,Caption,Source URL,Keywords,Downloaded,In Lightroom,Metadata Attached
pho007141,1,Uncategorized,"P.4-5, P.51-54",UNLV Special Collections,"Photograph of McWilliamstown, circa 1904 -- in what would become Las Vegas [Stewart (Helen J.) Photographs]",https://special.library.unlv.edu/ark:/62930/d1s756k2c,,true,true,true
MC38R7,2,People & Crowds,P.7-9,Alamy,"Railroad workers - Northern Pacific pose outside railroad car housing, ca. 1910",https://www.alamy.com/workers-for-the-northern-pacific-pose-outside-of-their-railroad-car-housing-ca-1910-image179552331.html,Workers; Railroad Workers; Railroads; Railroad Car,true,true,
snv002500,3,People & Crowds,P.7,UNLV Special Collections,"First train arrives from LA in Las Vegas, crowd of people",https://special.library.unlv.edu/ark%3A/62930/d1fn1165b,"People; Crowds; Trains; Las Vegas, NV; Los Angeles, CA",true,true,
39222001684088,4,People & Crowds,P.7-11,Utah Historical Society,"Interior ticket counter with people, SLC, 1906",https://collections.lib.utah.edu/ark:/87278/s6d79r8r,People; Ticket Counter; Building Interior,,true,
39222001686224,5,People & Crowds,P.7-11,Utah Historical Society,"Women with parasols sticking out of train window, 1909",https://collections.lib.utah.edu/ark:/87278/s6hh6zvd,"Crowd at the Saltair Depot, June 29, 1909.",,true,
17638,6,People & Crowds,P.7-11,Utah Historical Society,"Men and little boy posed by train, 1908",https://collections.lib.utah.edu/ark:/87278/s6v99qw4,Men; Trains,true,true,true
39222001650899,7,Trains & Railroads — General,P.7-11,Utah Historical Society,"SP LA SL train and men, exterior station, SLC, 1910",https://collections.lib.utah.edu/ark:/87278/s6cv4s68,"At the Union Pacific Depot in Salt Lake City, August, 1910. Man on the right, Frank Dearman. Gift of: Robert W. Edwards.",,true,
22256,8,Trains & Railroads — General,P.7-11,Utah Historical Society,"SLC, LA Limited train, 1905",https://collections.lib.utah.edu/ark:/87278/s6x63wd7,"Union Pacific Railroad 22256 Los Angeles Limited. Awaiting for arrival, Dec. 19, 1905. Shipler Photograph #2004",true,true,true
22257,9,Trains & Railroads — General,P.7-11,Utah Historical Society,"SLC, LA Limited train, 1905 (more steam)",https://collections.lib.utah.edu/ark:/87278/s6sf34nf,"Trains; Los Angeles, CA; Steam / Smoke",true,true,true
29430,10,Trains & Railroads — General,P.7-11,Utah Historical Society,"Man sleeping in train car, 1913",https://collections.lib.utah.edu/ark:/87278/s6f19723,,true,true,true
39222001650972 / 206SPLASLUtahTicketOffice10,11,Trains & Railroads — Stations & Travel,P.7-11,Utah Historical Society,"SP LA SL RR ticket office exterior, Utah",https://collections.lib.utah.edu/ark:/87278/s6bv7r2w,"San Pedro, Los Angeles and 
Salt Lake Railroad window.",,,
39222001684096,12,Trains & Railroads — Stations & Travel,P.7-11,Utah Historical Society,"Interior ticket counter with people, SLC, 1908",https://collections.lib.utah.edu/ark:/87278/s68g90jd,People; Ticket Counter; Building Interior; Denver & Rio Grande; ticket counter,,true,
pho004752,13,People & Crowds,P.9-17 (loose),UNLV Special Collections,"Squires family at his mine, Mt. Charleston, 1912",https://special.library.unlv.edu/ark%3A/62930/d1qr4nq4p,,true,true,true
pho006190,14,People & Crowds,P.9-11,UNLV Special Collections,Delphine Squires with daughters (1900 to 1905),https://special.library.unlv.edu/ark:/62930/d1ns0kx6q,"Children; Charles “Pop” Squires; Delphine Squires; Los Angeles, CA; Squires; delphine square; family; children; farm",true,true,
CHS-2136,15,Trains & Railroads — General,P.9-11,USC Digital Library,"La Grande Depot, Los Angeles",https://digitallibrary.usc.edu/CS.aspx?VP3=DamView&VBID=2A3BXZSBF6HLA&PN=1&DocRID=2A3BF1LXBZH,"Railroad Depot; Los Angeles, CA",true,true,true
16322,16,Trains & Railroads — General,P.9-11,Utah Historical Society,Rio Grande Western Railroad P.29,https://collections.lib.utah.edu/ark:/87278/s6jm3tfk,"Castle Gate, Utah",true,true,true
photCL 486 (030),17,Commerce & Buildings,P.11 (loose),Huntington Library,"Union League building, Los Angeles (1957 - low priority)",https://hdl.huntington.org/digital/collection/p15150coll2/id/6210,"Union League Club; Los Angeles, CA",true,true,true
G91F370_004F,18,Commerce & Buildings,P.11 (loose),New York Public Library,"Union League Club (Philadelphia), smoking room",https://digitalcollections.nypl.org/items/daa17960-c567-012f-fafd-58d385a7bc34,"Union League Club; New York City, NY",,true,
723882F,19,Events & Disasters,P.11 (loose),New York Public Library,"Wall St. Panic, 1907",https://digitalcollections.nypl.org/items/0bca26c0-c554-012f-2667-58d385a7bc34,"Financial Panic (Wall St., 1907); New York City, NY; Wall Street, NY",true,true,
22582,20,People & Crowds,P.11-13,Utah Historical Society,"TRAIN - Crowds of people, some dressed up, 5/1/1905",https://collections.lib.utah.edu/ark:/87278/s64b38sz,,true,true,true
22583,21,People & Crowds,P.11-13,Utah Historical Society,"Crowds of people, some dressed up, 5/1/1905",https://collections.lib.utah.edu/ark:/87278/s60k2j16,,true,true,true
RYM9T9,22,Trains & Railroads — General,P.11,Alamy,"SP LA SL Railroad Depot, Riverside, California, 1905",https://www.alamy.com/san-pedro-los-angeles-salt-lake-railroad-depot-riverside-california-1905-california-riverside-the-san-pedro-los-angeles-salt-lake-ry-united-states-of-america-image240777273.html,"Railroads; Railroad Depot; Los Angeles, CA; Riverside, CA",true,true,true
pho014116-006,23,Trains & Railroads — General,"Yes -- script table row 11 (~1:04:00, ""workers joined by savvy businessmen"" narration): ""Pho014116-006-02 people w/train LR"" (top photo on this album page, group at S.P.L.A.&S.L. boxcars)",UNLV Special Collections,"Photograph album 2, Charles P. Squires Collection, page 6, circa 1910-1920 -- album page with 3 photos: group with horse wagon in front of San Pedro Los Angeles & Salt Lake Railroad boxcars; stone building in desert with woman in doorway; row of weathered shacks",https://special.library.unlv.edu/node/329255,,true,true,true
CHS-33079,24,Trains & Railroads — General,P.11,USC Digital Library,"Train crossing Santa Ana river, Riverside, 1904",https://digitallibrary.usc.edu/CS.aspx?VP3=DamView&VBID=2A3BXZ61RCFP5&PN=25&DocRID=2A3BF1YIGB0,"Trains; Riverside, CA; Santa Ana River, CA; arch bridge; bridge; crossing",,true,true
photCL 470 (007),25,Urban & Street Scenes,P.11,Huntington Library,"LA Street scenes, 1905 (Squires before LV)",https://hdl.huntington.org/digital/collection/p15150coll2/id/4217,"Street Scene; Charles “Pop” Squires; Los Angeles, CA; ca; hope; panorama; street scene",true,true,true
photCL Pierce 00059,26,Urban & Street Scenes,P.11,Huntington Library,"LA Street scenes, 1905",https://hdl.huntington.org/digital/collection/p15150coll2/id/3469,"Street Scene; Los Angeles, CA; LA; Bank; Building; California",true,true,true
photCL Pierce 00062,27,Urban & Street Scenes,P.11,Huntington Library,"LA Street scenes, 1905",https://hdl.huntington.org/digital/collection/p15150coll2/id/3470,"Street Scene; Los Angeles, CA; YMCA; architecture; california; carriage; commercial; pedestrians",true,true,true
photCL 470 (002),28,Urban & Street Scenes,P.11,Huntington Library,"LA Street scenes, 1905 (gallery upload)",https://hdl.huntington.org/digital/collection/p15150coll2/id/4229,"Aerial View; Los Angeles, CA; aerial; balloon; city; los angeles; panorama; town",true,true,true
CHS-5711/CHS-5712,29,Urban & Street Scenes,P.11 (loose),USC Digital Library,1914 Union League club in downtown panorama,https://digitallibrary.usc.edu/CS.aspx?VP3=DamView&VBID=2A3BXZ61RZE5O&PN=2&DocRID=2A3BF1QAVOR,Union League Club; Downtown; Panorama,true,true,
CHS-5711,30,Urban & Street Scenes,P.11 (loose),USC Digital Library,1914 Union League club in downtown panorama - different angle,https://digitallibrary.usc.edu/CS.aspx?VP3=DamView&VBID=2A3BXZ6SGSZGA&PN=2&DocRID=2A3BF1QA2YD,Union League Club; Downtown; Panorama,true,true,true
pho019942,31,Recreation & Leisure,"P.13-14, P.163-165",UNLV Special Collections,"Camping, drinking beer, group smiling",https://special.library.unlv.edu/ark%3A/62930/d1w950s5n,Camping,true,true,true
NEEDS-ID-12,32,Uncategorized,P.13-14,Western Mining History / UNLV,Couple and dog in tent by creek (near Las Vegas Springs),https://www.stgeorgeutah.com/opinion/las-vegas-springs-preserve-day-water-and-railroad-meets-sin-city/article_75a7444d-72a1-5b34-b053-55d70c4021d4.html,,,,
Pho019940,33,Urban & Street Scenes,P.13-14,UNLV Special Collections,Johnnie Horden and others on Las Vegas Creek,https://special.library.unlv.edu/ark%3A/62930/d14q7qv1c,"Johnnie Horden; Las Vegas, NV; Las Vegas Creek, NV",true,true,true
NEEDS-ID-16,34,Uncategorized,P.14-17,Over 50 Vegas,"Squires and Brown in group (source page, image not yet located)",https://over50vegas.com/Pop_Squires_Observations.html,,,,
NEEDS-ID-03,35,Trains & Railroads — General,P.17-21,Reno Historical Society,"Reno Mill & Lumber Company headquarters near the railroad tracks, Reno, Nevada (undated, pre-1913) -- pile of lumber and RR tracks in foreground",https://renohistorical.org/items/show/31,,true,,true
pho017607,36,People & Crowds,"P.19, P.55",UNLV Special Collections,"Westlake family, grocery",https://special.library.unlv.edu/ark%3A/62930/d1zg6gb2w,Families; Grocery Store; Westlake Family,true,true,
29904,37,People & Crowds,P.19-23,Utah Historical Society,"Train station, crowd of men in hats, 1910, SLC",https://collections.lib.utah.edu/ark:/87278/s6x06mxq,Crowds; Men; Trains; Train Station; 1910s Fashion,true,true,true
29902,38,People & Crowds,P.19-23,Utah Historical Society,"Crowd of men and women with baggage waiting for train, 1910",https://collections.lib.utah.edu/ark:/87278/s65d95pn,First trains out of Salt Lake at the new Denver & Rio Grande Western,true,true,true
29903,39,People & Crowds,P.19-23,Utah Historical Society,"Crowd of men and women with baggage, facing away from train, 1910",https://collections.lib.utah.edu/ark:/87278/s61n8f0s,First trains out of the new Denver & Rio Grande Western Railroad Depot,true,true,true
29905,40,Trains & Railroads — General,P.19-23,Utah Historical Society,"Train station waiting room, group of men outside, 1910, SLC",https://collections.lib.utah.edu/ark:/87278/s6s75w7v,Western Pacific Railroad opening at the new Denver & Rio Grande Western Railroad Depot.,true,true,true
22585,41,Trains & Railroads — Stations & Travel,P.19-23,Utah Historical Society,"RR dining car interior, people dressed up, 1905-6 (Peter Buol as cook)",https://collections.lib.utah.edu/ark:/87278/s6r50076,"San Pedro, Los Angeles and Salt Lake dining car, June, 1905",true,true,true
pho017608,42,People & Crowds,P.23,UNLV Special Collections,Group of people with mail cart,https://special.library.unlv.edu/ark%3A/62930/d1tt4fx12,People,true,true,
NEEDS-ID-01,43,Urban & Street Scenes,P.26,Private Source (Cragin-Pike Insurance),Peter Buol's Insurance Co. building with sign,https://roughnotes.com/looking-back-looking-ahead-2/,,,,
Pho004751,44,Horses & Animals,P.30-38,UNLV Special Collections,Big Springs,https://special.library.unlv.edu/ark%3A/62930/d1vd6p460,Horses; Automobile; Big Spring; Trees; Springs,true,true,
3c37464,45,Ranching & Farming,P.30-38,Library of Congress,"Eva wells, 1910 (low priority)",https://www.loc.gov/pictures/item/2007662551/,,true,true,true
Snv001051,46,Mining,P.38-42,UNLV Special Collections,"Tonopah mine, 1908",https://special.library.unlv.edu/ark:/62930/d16w96p9w,"Mines; Tonopah, NV",true,true,true
Pho018532,47,People & Crowds,P.38-42,UNLV Special Collections,8 men at Rawhide mine,https://special.library.unlv.edu/ark%3A/62930/d14x54m01,Men; Mines,true,true,
39222001456750,48,People & Crowds,P.38-42,Utah Historical Society,"Stagecoach with men, Ely NV, 1906",https://collections.lib.utah.edu/ark:/87278/s6sb4gh4,"Men; Stagecoach; Ely, NV",true,true,true
Snv000203,49,Mining,P.39,UNLV Special Collections,"Goldfield mine, 1908 (series)",https://special.library.unlv.edu/ark%3A/62930/d1qn5zr5p,"Mines; Goldfield, NV",true,true,
Pho018544,50,Mining,P.39,UNLV Special Collections,"Goldfield mine, 1908",https://special.library.unlv.edu/ark%3A/62930/d1m03z18g,"Mines; Goldfield, NV",true,true,
Snv000194,51,Uncategorized,P.39,UNLV Special Collections,"Goldfield, wide view",https://special.library.unlv.edu/ark%3A/62930/d1mw28t9k,"Goldfield, NV",true,true,
Pho023339,52,Uncategorized,P.40,UNLV Special Collections,"Ely, building boom",https://special.library.unlv.edu/ark%3A/62930/d1mw28m0j,"Ely, NV",true,true,
map000278,53,"Maps, Newspapers & Documents","Not obvious -- see note, may support P.41 context but is a map not a photo",UNLV Special Collections,"Map of the Goldfield Mining District, Nye and Esmeralda Counties, Nevada, 1905",https://special.library.unlv.edu/ark:/62930/d1h12vp3c,,true,true,true
Pho014500,54,People & Crowds,P.41,UNLV Special Collections,3 men at Frenchman mine (incl. Earl Rockwell),https://special.library.unlv.edu/ark%3A/62930/d13t9d84z,Men; Mines; Earl Rockwell,true,true,
pho016483,55,Trains & Railroads — General,"P.41 — New WorkFlow (gold rush 1905, people arriving)",UNLV Special Collections,"Crowd at a railroad station in Las Vegas, approximately 1905-1930 -- Governor Campbell of Arizona identified in crowd but not pinpointed [Fred and Maurine Wilson Photograph Collection]",http://n2t.net/ark:/62930/d1np1wn1s,,true,true,true
snv000021,56,Trains & Railroads — General,P.41 — New WorkFlow (gold rush boom-town imagery),UNLV Special Collections,"Pack trains and buggies crossing the desert, approximately 1901-1905 [Tonopah and Goldfield Mining Photograph Collection]",https://special.library.unlv.edu/node/54162,,true,true,true
snv000207,57,Trains & Railroads — General,P.41 — New WorkFlow (gold rush boom-town imagery),UNLV Special Collections,"Photograph of Mohawk Mine and Tonopah Goldfield Train, Goldfield (Nev.), early 1900s [C. A. Earle Rinker Photograph Collection of Goldfield, Nevada]",http://n2t.net/ark:/62930/d1bc3tb1s,,true,true,true
pho007216,58,Horses & Animals,P.42-43,UNLV Special Collections,"Photograph of mule freight team, circa 1890s-1910s [Stewart (Helen J.) Photographs (PH-00104)]",http://n2t.net/ark:/62930/d13775v61,,true,true,true
pho007074,59,Horses & Animals,P.42-43,UNLV Special Collections,"Transparency of freight team near Las Vegas, June 1906 [Stewart (Helen J.) Photographs (PH-00104)]",http://n2t.net/ark:/62930/d1f766693,,true,true,true
pho007073,60,Horses & Animals,P.42-43,UNLV Special Collections,"Transparency of freight team near Las Vegas, June 1906 [Stewart (Helen J.) Photographs (PH-00104)]",http://n2t.net/ark:/62930/d1k06x13g,Horses; Mules; Freight Hauling,true,true,true
pho007072,61,Horses & Animals,P.42-43,UNLV Special Collections,"Transparency of mule freight team, circa 1890s-1910s [Stewart (Helen J.) Photographs (PH-00104)]",http://n2t.net/ark:/62930/d1pr7mt7w,Horses; Mules; Freight Hauling; Caravan; Transparency,true,true,true
18498,62,Horses & Animals,P.42-43,Utah Historical Society,Wagons -- Freighting P.32,https://collections.lib.utah.edu/ark:/87278/s6bv8z0v,Freight Hauling; Freight Wagons,true,true,true
pho006145,63,Urban & Street Scenes,"P.42-43, P.90-104",UNLV Special Collections,"Photograph of Ed Clark, circa early to mid 1900s [Squires Family Photographs (PH-00002)]",http://n2t.net/ark:/62930/d1gf0mw37,Ed Clark,true,true,true
pho024853,64,People & Crowds,P.46,UNLV Special Collections,"Beckley family, various (negative)",https://special.library.unlv.edu/ark%3A/62930/d1tb0z194,Families; Beckley Family,true,true,
Pho024864-003,65,People & Crowds,P.46,UNLV Special Collections,"Beckley family, various",https://special.library.unlv.edu/node/342440,Families; Beckley Family; album; dress; family; people; women,true,true,
Pho024864,66,People & Crowds,P.46,UNLV Special Collections,"Beckley family, various",https://special.library.unlv.edu/node/342441,Families; Beckley Family,true,true,
Pho024781,67,Urban & Street Scenes,P.46,UNLV Special Collections,"Will Beckley inside store, 1908 (hats)",https://special.library.unlv.edu/ark%3A/62930/d1445hj8m,Will Beckley; Beckley Family; 1910s Fashion,true,true,
pho024780,68,Urban & Street Scenes,P.46,UNLV Special Collections,"Photograph of William Beckley at the register in his clothing store, Las Vegas (Nev.), circa 1909 [Beckley Family Photograph Collection (PH-00148)]",http://n2t.net/ark:/62930/d17w67c22,,true,true,true
pho025129,69,Commerce & Buildings,P.47,UNLV Special Collections,Saloon interior (Caliente) (1900 to 1930),https://special.library.unlv.edu/ark:/62930/d1901zn61,,true,true,true
pho018411,70,Mining,P.47,UNLV Special Collections,"Electrical line installation near mine, Candelaria, NV, undated",https://special.library.unlv.edu/ark%3A/62930/d1ft8dp04,,true,true,true
GDFDXG,71,Sanitation & Utilities,P.49-51,Alamy,"Outhouses, Bodie ghost town",https://www.alamy.com/stock-photo-bodie-ghost-town-intentional-noise-added-for-vintage-look-111592952.html,"Outhouses / Privies; Bodie, CA",true,true,
DEAWCA,72,Sanitation & Utilities,P.49-51,Alamy,"Outhouses, Sacramento CA - company housing",https://www.alamy.com/in-sacramento-california-fifty-to-sixty-families-pay-1-per-month-for-image60475754.html,"Outhouses / Privies; Sacramento, CA",true,true,
DHCE5Y,73,Sanitation & Utilities,P.49-51,Alamy,"Privy/outdoor toilet, company housing project",https://www.alamy.com/a-privy-or-outdoor-toilet-located-in-the-company-housing-project-of-image62354823.html,Outhouses / Privies,true,true,
2C74JDE,74,Sanitation & Utilities,P.49-51,Alamy,"Cesspool - aerial view (Germany, for reference)",https://www.alamy.com/cesspool-above-and-setting-pond-04072020-aerial-view-germany-schleswig-holstein-image365822618.html,Cesspools; Aerial View,true,true,
NEEDS-ID-04,75,Sanitation & Utilities,P.49-51,Alamy,Shovel in dirt (cesspool reference),https://www.alamy.com/simple-shovel-with-a-wooden-handle-is-stuck-in-a-dry-ground-in-an-unfinished-pit-image263985930.html,,,,
2NHY7BE,76,Sanitation & Utilities,"P.49-51, P.124-128",Alamy,Sewer hole in dirt with ladder (cesspool/sewer construction),https://www.alamy.com/digging-a-deep-round-hole-with-sewer-line-drain-pipe-outlet-for-a-brick-or-concrete-septic-tank-sewer-cesspool-and-manhole-installation-image527358706.html,Sewers; Sewer Construction; Cesspools,true,true,
105170989,77,Sanitation & Utilities,P.49-51,Alamy,Sanitation ring/metal mold (cesspool cover reference),https://www.alamy.com/stock-photo-detail-of-a-sanitation-ring-and-metal-mold-105170989.html,,,,
130432734,78,Sanitation & Utilities,P.49-51,Alamy,Bucket and cesspool-looking hole,https://www.alamy.com/stock-photo-a-golden-bucket-hanging-above-a-little-fountain-made-of-stone-130432734.html,,,,
NEEDS-ID-05,79,Sanitation & Utilities,P.49-51,Alamy,Dirty water / sewer channel,https://www.alamy.com/this-is-the-sewer-channel-of-almost-dead-clusters-of-dead-organic-matter-muddy-water-dim-reflection-of-the-sun-image729420866.html,,,,
NEEDS-ID-06,80,Sanitation & Utilities,P.49-51,Alamy,Filled cesspool (typhus fever reference figure),https://www.alamy.com/typhus-fever-with-particular-reference-to-the-serbian-epidemic-fig-1-filled-cesspool-image338447909.html,,,,
2M18K9B,81,Sanitation & Utilities,P.49-51,Alamy,"Drainage ditches - Southborough, Mass., 1899",https://www.alamy.com/sudbury-department-angellico-swamp-drainage-ditches-junction-of-a-and-c-lines-southborough-mass-dec-7-1899-waterworks-reservoirs-water-distribution-structures-swamps-construction-sites-watershed-sanitary-improvement-image499906103.html,,true,true,true
1583588,82,Sanitation & Utilities,P.49-51,New York Public Library,"Outhouses, 1902",https://digitalcollections.nypl.org/items/106ecd60-c6e9-012f-8823-58d385a7bc34,"Outhouses / Privies; New York City, NY",,true,
1583589,83,Sanitation & Utilities,P.49-51,New York Public Library,"Outhouses, 1902",https://digitalcollections.nypl.org/items/1150ac60-c6e9-012f-af26-58d385a7bc34,"Outhouses / Privies; New York City, NY",,true,
1583597,84,Sanitation & Utilities,P.49-51,New York Public Library,"Outhouses, 1902",https://digitalcollections.nypl.org/items/13f071b0-c6e9-012f-bdf5-58d385a7bc34,"Outhouses / Privies; New York City, NY",true,true,
1576447,85,Sanitation & Utilities,P.49-51,New York Public Library,"Outhouses, 1902",https://digitalcollections.nypl.org/items/14967590-c6e9-012f-83e9-58d385a7bc34,"Outhouses / Privies; New York City, NY",true,true,
58647476,86,Sanitation & Utilities,P.49-51,New York Public Library,Outhouses (TIF format available),https://digitalcollections.nypl.org/items/b33b8580-b977-0138-427d-3ff929dd87e1,"Outhouses / Privies; New York City, NY",true,true,
pho012947,87,Commerce & Buildings,P.51-54,UNLV Special Collections,"Photograph of saloon fire, Caliente, Nevada, 1910 [Elbert Edwards Photograph Collection (PH-00214)]",http://n2t.net/ark:/62930/d1mk6596k,,true,true,true
snv000210,88,Commerce & Buildings,P.51-54,UNLV Special Collections,"Photograph of Goldfield Hotel fire (Nev.), November 17, 1906 [C. A. Earle Rinker Photograph Collection of Goldfield, Nevada (PH-00350)]",http://n2t.net/ark:/62930/d1z31p29g,,true,true,true
snv000320,89,Commerce & Buildings,P.51-54,UNLV Special Collections,"Photograph of the Goldfield Hotel fire, Goldfield (Nev.), November 17, 1906 [C. A. Earle Rinker Photograph Collection of Goldfield, Nevada (PH-00350)]",http://n2t.net/ark:/62930/d16688z6k,,true,true,true
pho028388,90,Events & Disasters,P.51-54,UNLV Special Collections,"Possible Goldfield fire ruins: photographic print [C. A. Earle Rinker Photograph Collection of Goldfield, Nevada (PH-00350)]",http://n2t.net/ark:/62930/d1bv7b54j,,true,true,true
M7WDBN,91,Horses & Animals,P.51,Alamy,Horse wagons full of garbage - Dump story,https://www.alamy.com/stock-photo-the-image-titled-dump-story-appears-to-depict-a-scene-possibly-involving-176965593.html,Horses,true,true,
snv001993,92,Landscape & Terrain,P.51,UNLV Special Collections,Fire in the desert (garbage-pit) (1900 to 1925),https://special.library.unlv.edu/ark:/62930/d12v2cq76,,true,true,true
2RGMMJ1,93,Commerce & Buildings,P.55,Alamy,"Interior grocery store (DGS Store, Wash DC, ca. 1910s)",https://www.alamy.com/interior-of-dgs-store-wash-dc-ca-1910s-image561021497.html,Grocery Store; Building Interior,true,true,
pho016723,94,Commerce & Buildings,P.55,UNLV Special Collections,Mesquite grocery and other shops,https://special.library.unlv.edu/ark%3A/62930/d16d5pf1b,"Grocery Store; Mesquite, NV",true,true,true
NEEDS-ID-23,95,Commerce & Buildings,P.55,UNLV Special Collections (not digitized),"Ward's Mesquite Cash Grocery Store, 1908 (calendar image) - NOT DIGITIZED",https://special.library.unlv.edu/node/309947,,,,
pho014206,96,Commerce & Buildings,P.56-61,UNLV Special Collections,"Photograph of early Las Vegas stores, Las Vegas, circa 1900s [Sherwin ""Scoop"" Garside Photographs (PH-00067)]",http://n2t.net/ark:/62930/d1n58cn9x,,true,true,true
NEEDS-ID-07,97,Events & Disasters,P.56-61,Bartlesville Area History Museum,"Fire Department honor guard, Bartlesville OK",https://www.cityofbartlesville.org/fire-department-launches-honor-guard-marks-112-years-service/,,,,
CC-00324,98,Events & Disasters,P.56-61,Nevada Historical Society,"Fire Department, Carson City, 1890s",https://nevadahistory.pastperfectonline.com/photo/D655425C-6567-42AC-857F-461836246857,"Fire; Fire Department; Carson City, NV",true,true,true
CC-00323,99,Events & Disasters,P.56-61,Nevada Historical Society,"Fire Department, Carson City, 1890s",https://nevadahistory.pastperfectonline.com/photo/A6CFEA42-32E1-4A6D-A655-810133204835,,true,true,true
CC-00802,100,Events & Disasters,P.56-61,Nevada Historical Society,"Fire Department, Carson City, 1890s",https://nevadahistory.pastperfectonline.com/photo/A43CF197-32FF-4384-BB2A-307042705340,"Fire; Fire Department; Carson City, NV",true,true,true
S1083_1090,101,Events & Disasters,P.56-61,State Historical Society of Missouri,"St. Charles Fire Department Hose Company Number One Wagon, St. Charles, Missouri, 1909 [John J. Buse Collection, S1083] -- period fire-equipment reference, not Nevada",https://digital.shsmo.org/digital/collection/imc/id/35589,"Fire; Fire Wagon; St. Louis, MO",true,true,true
pho032884,102,Events & Disasters,"P.56-61, P.163-171",UNLV Special Collections,Fire truck (1910 (approx) to 1945 (approx)),https://special.library.unlv.edu/ark:/62930/d1445hr2d,,true,true,true
P0034-3138,103,People & Crowds,P.56-61,State Historical Society of Missouri,"Hose #4, St. Louis Fire Department fire engine (Photographer: Vic Stevenson) [Charles Trefts Photographs, Collection P0034] -- period fire-equipment reference, not Nevada",https://digital.shsmo.org/digital/collection/imc/id/24082,Firemen,true,true,true
pho025987,104,Commerce & Buildings,P.58-59,UNLV Special Collections,Methodist Church (curfew bell reference),http://n2t.net/ark:/62930/d1mw2cc2m,,true,true,true
pho028106,105,Education,P.58-59,UNLV Special Collections,"First grammar school, 1905-10",https://special.library.unlv.edu/ark%3A/62930/d16d5pk14,Grammar School; Schoolchildren,true,true,
pho025881,106,Education,P.58-59,UNLV Special Collections,"School class, 1915",https://special.library.unlv.edu/ark%3A/62930/d16t0kt56,School Class; Schoolchildren,true,true,
snv001117,107,Education,P.58-59,UNLV Special Collections,"Las Vegas School, 1910, kids and teachers outside",https://special.library.unlv.edu/ark%3A/62930/d1g44j48c,"Schoolchildren; Las Vegas, NV",true,true,true
pho013444,108,Horses & Animals,"P.58 — New WorkFlow (wagons, Eldorado Canyon)",UNLV Special Collections,"Photograph of a wagon hauling freight in Eldorado Canyon, circa 1911-1915 [Elbert Edwards Photograph Collection]",https://special.library.unlv.edu/ark:/62930/d1j678z5t,,true,true,true
snv001959,109,Horses & Animals,P.58 — New WorkFlow (wagons on desert road),UNLV Special Collections,"Photograph of a horse team and freight wagons on a dirt road in the desert, 1900-1925, Las Vegas [Ferron and Bracken Photograph Collection]",http://n2t.net/ark:/62930/d1bg2hq9h,,true,true,true
snv001260,110,Horses & Animals,"P.58 — New WorkFlow (wagons, Eldorado Canyon)",UNLV Special Collections,"Photograph of men in a horse-drawn wagon in front of the Eldorado Canyon boarding house and mill, Eldorado Canyon (Nev.), 1907 [Ferron and Bracken Photograph Collection]",http://n2t.net/ark:/62930/d1zw19647,,true,true,true
snv001968,111,Landscape & Terrain,"P.58 — New WorkFlow (wagons, Eldorado Canyon)",UNLV Special Collections,"Photograph of a wagon and horse team on a narrow mountain road, Eldorado Canyon (Nev.), 1900-1925 [Ferron and Bracken Photograph Collection]",http://n2t.net/ark:/62930/d15q4s142,,true,true,true
snv001161,112,Landscape & Terrain,"P.58 — New WorkFlow (wagons, Eldorado Canyon)",UNLV Special Collections,"Photograph of a wagon approaching the Narrows at Eldorado Canyon (Nev.), 1907 [Ferron and Bracken Photograph Collection]",http://n2t.net/ark:/62930/d1z02zp6r,,true,true,true
CHS-5553,113,Landscape & Terrain,P.58-59,USC Digital Library,Curfew bell (1907 laws),https://digitallibrary.usc.edu/CS.aspx?VP3=DamView&VBID=2A3BXZ61I5OBW&PN=2&DocRID=2A3BF1C66CC,bell; mount; riverside; mountain; rubidoux,true,true,true
pho014468,114,People & Crowds,P.58,UNLV Special Collections,"People in automobiles, Las Vegas, circa 1910s-1920s",https://special.library.unlv.edu/ark:/62930/d17p8tg24,,true,true,true
pho016809,115,Uncategorized,"P.58 — New WorkFlow (early automobile, exact place/year match)",UNLV Special Collections,"Side view of the 1910 Oldsmobile Limited for the automobile business in Las Vegas, Nevada [James Cashman Sr. Photograph Collection]",http://n2t.net/ark:/62930/d13775z4d,,true,true,true
pho023809,116,Uncategorized,P.58,UNLV Special Collections,"Automobile excursion, Goodsprings NV, 1910s (Chamber of Commerce Excursion)",https://special.library.unlv.edu/ark:/62930/d11n7xt09,,true,true,true
snv002526,117,Urban & Street Scenes,"P.58 — New WorkFlow (Fremont St, automobiles, 1920s)",UNLV Special Collections,"Photograph of Fremont Street, buildings, and automobiles, Las Vegas (Nev.), 1900-1925 [Jacob E. Von Tobel Photograph Collection]",http://n2t.net/ark:/62930/d1br8mw8j,,true,true,true
pho021796,118,Urban & Street Scenes,"P.58 — New WorkFlow (Main St, 1908-1912)",UNLV Special Collections,"Photograph of Main Street, Las Vegas (Nev.), 1908-1912 [Junior League of Las Vegas Photograph Collection]",http://n2t.net/ark:/62930/d1fq9q99m,,true,true,true
pho008436,119,Urban & Street Scenes,"P.58 — New WorkFlow (Fremont St, 1912-1919)",UNLV Special Collections,"Photograph of Fremont Street, Las Vegas, Nevada, circa 1912-1919 [Bill Willard Photograph Collection]",http://n2t.net/ark:/62930/d14x54h2n,,true,true,true
hln001314,120,Uncategorized,P.66 — New WorkFlow (tax-paying symbol / office desk),UNLV Special Collections,Bracken in office (1908-05),https://special.library.unlv.edu/ark:/62930/d1r788q1b,,true,true,true
pho013039,121,Uncategorized,"P.66 — New WorkFlow (tax-paying symbol, office interior)",UNLV Special Collections,"Interior view of the County Clerk's office in Las Vegas, Nevada, 1914-1916 [Elbert Edwards Photograph Collection]",http://n2t.net/ark:/62930/d1qz22j94,,true,true,true
pho023832,122,"Maps, Newspapers & Documents","P.67, P.97-101",UNLV Special Collections,"Postcard of Lincoln County Courthouse, Pioche (Nev.), 1930s [James Hulse Photograph Collection on Pioche, Nevada (PH-00133)]",http://n2t.net/ark:/62930/d12f7jx48,,true,true,true
pho019916,123,Commerce & Buildings,P.71-77,UNLV Special Collections,"Pioche, Nevada, 1906 (street scene, Bank of Pioche)",http://n2t.net/ark:/62930/d17p8tj02,"Banks; Pioche, NV",true,true,true
pho006889,124,Commerce & Buildings,"P.71 — New WorkFlow (Las Vegas construction, 1905-1915)",UNLV Special Collections,"Exterior view of a bank building under construction, Las Vegas, circa 1905 -- second Squires photo album page 5 image 2 [Charles P. Squires Photograph Collection]",http://n2t.net/ark:/62930/d1bc3sx2g,,true,true,true
pho006892,125,Events & Disasters,"P.71 — New WorkFlow (Las Vegas construction/substantial buildings, 1905-1915)",UNLV Special Collections,"Exterior view of the First State Bank, Las Vegas, 1905 -- second Squires photo album page 16 image 1 [Charles P. Squires Photograph Collection]. CORRECTED 2026-08-27: previous title on this row (""Clark's Forwarding (barrels)"") did not match this item's actual UNLV record -- confirmed via item page. If Clark's Forwarding was a separate needed image, it may still need re-identifying.",https://special.library.unlv.edu/ark:/62930/d1z60c221,,true,true,true
CH-00740,126,Horses & Animals,P.71-77,Nevada Historical Society,On the way somewhere with a horse and buggy,https://nevadahistory.pastperfectonline.com/photo/1542E8D7-33D9-4AFC-8177-601402307910,Horses; Horse & Buggy,true,true,true
ESM-01420,127,Horses & Animals,P.71-77,Nevada Historical Society,On the way somewhere with a horse and buggy,https://nevadahistory.pastperfectonline.com/photo/CF5CE2EF-8060-4F99-A419-115366004210,Horses; Horse & Buggy,true,,true
pho006890,128,Horses & Animals,"P.71 — New WorkFlow (Las Vegas construction, 1905-1915)",UNLV Special Collections,"Exterior view of the Las Vegas Trading Company, advertising lumber, lime, cement, etc., with a horse coach in front, 1905 -- second Squires photo album page 9 image 4 [Charles P. Squires Photograph Collection]. CORRECTED 2026-08-27: previous title on this row (""Las Vegas Trading Co. / Thomas building"") was close but imprecise -- confirmed exact title/details via UNLV item page.",https://special.library.unlv.edu/ark:/62930/d16q1sh0k,,true,true,
CH-00090,129,People & Crowds,P.71-77,Nevada Historical Society,"Family with buggy and house, en route to Pioche",https://nevadahistory.pastperfectonline.com/photo/B79044F6-00C2-48EF-8802-623642261290,"Families; Horse & Buggy; Pioche, NV",true,true,true
snv000636,130,Uncategorized,P.71-77,UNLV Special Collections,"Photograph of pedestrians in front of the Charles D. Marriage Assay office, Pioche (Nev.), 1907 [Lincoln County Museum Photograph Collection]",http://n2t.net/ark:/62930/d1416td1h,,true,true,true
Pho023008,131,Urban & Street Scenes,P.71-77,UNLV Special Collections,"Pioche panorama, distant",https://special.library.unlv.edu/ark%3A/62930/d14j0b341,"Panorama; Pioche, NV",true,true,
pho014336,132,Urban & Street Scenes,"P.71 — New WorkFlow (Las Vegas construction, 1905-1915)",UNLV Special Collections,Street construction (1909 to 1910),https://special.library.unlv.edu/ark:/62930/d1gt5fh7v,,true,true,true
pho023834,133,Government & Politics,Rough Cut p.72 — New WorkFlow (Lincoln County Courthouse interior),UNLV Special Collections,"Photograph of interior of courthouse, Pioche (Nev.), 1905-1951 [James Hulse Photograph Collection on Pioche, Nevada]",http://n2t.net/ark:/62930/d1sx64g4f,,true,true,true
pho023019,134,Horses & Animals,"Rough Cut p.72 — New WorkFlow (Pioche variety - child on horseback, 1907)",UNLV Special Collections,"Photograph of a girl on a horse, Pioche (Nev.), 1907 [Lincoln County Museum Photograph Collection]",http://n2t.net/ark:/62930/d1q814z2p,,true,true,true
Pho023927,135,Landscape & Terrain,P.72,UNLV Special Collections,Panorama of mountains and Pioche in the distance,https://special.library.unlv.edu/ark%3A/62930/d1sj19x4n,"Mountains; Panorama; Pioche, NV",true,true,
Pho023916,136,Uncategorized,P.72,UNLV Special Collections,Pioche,https://special.library.unlv.edu/ark%3A/62930/d16q1sp4r,"Pioche, NV",true,true,
Pho023372,137,Landscape & Terrain,P.73,UNLV Special Collections,"Photograph of Pioche, dirt roads",https://special.library.unlv.edu/ark%3A/62930/d1c53f65m,"Road; Pioche, NV",true,true,
Pho023917,138,Uncategorized,P.73,UNLV Special Collections,Pioche,https://special.library.unlv.edu/ark%3A/62930/d12z12w00,"Pioche, NV",true,true,
pho023919,139,Uncategorized,P.73 — New WorkFlow (Pioche government/office buildings),UNLV Special Collections,"Small building used as T.J. Osborne's Law Office, Pioche Hills, 1899-1901 [Thomas J. Osborne Photograph Collection]",http://n2t.net/ark:/62930/d1th8bt2c,,true,true,true
Snv000951,140,Horses & Animals,P.74,UNLV Special Collections,Pioche with wagon and horses,https://special.library.unlv.edu/ark%3A/62930/d1fx74c3w,"Horses; Pioche, NV",true,true,
Pho017849,141,Uncategorized,P.74,UNLV Special Collections,On the way to Caliente,https://special.library.unlv.edu/ark%3A/62930/d1gb1xm27,"Caliente, NV",true,true,
pho009800,142,Trains & Railroads — General,P.75,UNLV Special Collections,"Caliente Railroad Depot exterior, circa 1960s-1970s (CAUTION: too late for 1911 era)",https://special.library.unlv.edu/ark%3A/62930/d1tm7223b,,true,true,true
snv000705,143,Uncategorized,"P.75 — New WorkFlow (Caliente train depot, people in shot)",UNLV Special Collections,"Samuel Newhouse's party waiting in Caliente for private car to Salt Lake, 1906 [Lincoln County Museum Photograph Collection]",http://n2t.net/ark:/62930/d1b853x99,,true,true,true
pho023812-001,144,"Maps, Newspapers & Documents",P.84-85,Western Mining History,"Postcard of Searchlight, NV, 1907 (front) - low priority",https://westernmininghistory.com/gallery-image/41441/,"Searchlight, NV; Postcard",true,true,true
pho009778,145,Mining,P.84-85,UNLV Special Collections,Searchlight mine,https://special.library.unlv.edu/ark%3A/62930/d1p26q47w,"Mines; Searchlight, NV",true,true,true
pho031101,146,Mining,P.84-85,UNLV Special Collections,Quartette mine (1900 to 1940),https://special.library.unlv.edu/ark:/62930/d1sx64n36,,true,true,true
snv002133,147,Mining,P.84-85,UNLV Special Collections,"Photograph of miners inside the Techatticup Mine (Nev.), 1900-1925 [UNLV Special Collections]",http://n2t.net/ark:/62930/d1513v946,,true,,true
NEEDS-ID-13,148,Mining,P.84-85,Western Mining History,Searchlight/mining images - low priority,https://westernmininghistory.com/gallery-image/41440/,,,,
NEEDS-ID-14,149,Mining,P.84-85,Western Mining History,Searchlight/mining images - low priority,https://westernmininghistory.com/gallery-image/41444/,,,,
NEEDS-ID-15,150,Mining,P.84-85,Western Mining History,Searchlight/mining images - low priority,https://westernmininghistory.com/gallery-image/41446/,,,,
pho016862,151,Mining,P.85,UNLV Special Collections,Techatticup Mine,https://special.library.unlv.edu/ark%3A/62930/d17p8th0m,Mines,true,true,true
NEEDS-ID-08,152,Commerce & Buildings,P.87-90,Chicago History Museum,"Banks in Chicago, LaSalle Street",https://images.chicagohistory.org/search/?searchQuery=bank+lasalle+1910,,,,
DN-0008569,153,Commerce & Buildings,P.87-90,Chicago History Museum,"Five men with two carts holding bags at the entrance to the Union Trust Bank vault, Tribune Building (Madison & Dearborn), Chicago, 1910",https://images.chicagohistory.org/asset/704/,,true,true,true
NEEDS-ID-09,154,Urban & Street Scenes,P.87-90,Chicago History Museum,Chicago street scene,https://images.chicagohistory.org/asset/31985/,,,,
hln000496,155,Horses & Animals,P.90-92,UNLV Special Collections,"Grading for a rail line, 1906, Kiel Ranch (horses, equipment)",https://special.library.unlv.edu/ark%3A/62930/d1ft8hj31,"Horses; Railroad Tracks; Grading for Rail Line; Ranch; Kiel Ranch, NV",true,true,
21339,156,People & Crowds,P.90-92,Utah Historical Society,"RR shops construction, 1905, foundation/workers/tracks, Idaho",https://collections.lib.utah.edu/ark:/87278/s6pk0qgj,"San Pedro, Los Angeles and Salt Lake dining car with waiters, May, 1905. Shipler Photog. # 1525.",true,true,true
NEEDS-ID-11,157,Trains & Railroads — General,P.90,Union Pacific Railroad Museum,"Railroad office, 1905",https://unionpacific.canto.com/v/UnionPacificCollection/library?keyword=nevada,,,,
22586,158,Trains & Railroads — General,P.90-92,Utah Historical Society,SP LA SL Railroad cooks pose outside rail car,https://collections.lib.utah.edu/ark:/87278/s6mc97gg,,true,true,true
523,159,Trains & Railroads — General,P.90-92,Utah Historical Society,"Workmen on tracks, 1900",https://collections.lib.utah.edu/ark:/87278/s68d1c1h,"Central Pacific Railroad grade and bridge over Bear River at Corinne, looking east.",true,true,true
27871,160,Trains & Railroads — General,P.90-92,Utah Historical Society,"Bamberger Line property, April 21, 1907 (Bamberger Railroad P.15)",https://collections.lib.utah.edu/ark:/87278/s6bg44vt,"Bamberger Line property, April 21, 1907. Shipler Commercial Photography #2814.",true,true,true
511,161,Trains & Railroads — General,P.90-92,Utah Historical Society,"Bamberger Railroad -- Cable Gang, Lagoon, Summer 1909 (Bamberger Railroad P.1)",https://collections.lib.utah.edu/ark:/87278/s6418cwb,"Taken at the old main entrance of Lagoon, Summer 1909. Electrical cable crew of Bamberger Electric",true,true,true
22584,162,Trains & Railroads — Stations & Travel,P.90-92,Utah Historical Society,Empty dining car,https://collections.lib.utah.edu/ark:/87278/s6vx0qzt,"San Pedro, Los Angeles and Salt Lake train (1st to L.A.) dining car",true,true,true
pan.6a13942,163,Uncategorized,"P.90-92, P.163",Library of Congress,"Wide shot of Las Vegas, 1910, RR machine shops in progress",https://www.loc.gov/pictures/resource/pan.6a13942/,,true,true,true
snv002556,164,Trains & Railroads — General,"P.91 — New WorkFlow (machine shop expansion interior, exact match)",UNLV Special Collections,"Interior of San Pedro, Los Angeles and Salt Lake Railroad machine shop in Las Vegas, Nevada, estimated 1909-1910 [Charles P. Squires Photograph Collection]",http://n2t.net/ark:/62930/d1gb1xx5q,,true,true,true
pho013522,165,Trains & Railroads — General,P.91,UNLV Special Collections,"Railroad machine shops, Las Vegas, circa early 1900s",https://special.library.unlv.edu/ark:/62930/d1g15td0r,,true,true,true
pho023833,166,Government & Politics,"P.100 — New WorkFlow (Pioche's grand courthouse, exterior)",UNLV Special Collections,"EXTERIOR view (front facade) of Lincoln County Courthouse, Pioche, Nevada, 1905-1951 -- winter scene, snow, bare trees, ""POST NO BILLS"" signage on facade. CORRECTED 2026-08-27: earlier note on this row said ""interiors"" -- verified by visual inspection this is an EXTERIOR shot. [James Hulse Photograph Collection on Pioche, Nevada]",https://special.library.unlv.edu/ark:/62930/d1xp6v886,,true,true,true
snv000856,167,Government & Politics,P.100 — New WorkFlow (Pioche's grand courthouse),UNLV Special Collections,"Old Lincoln County Courthouse, Pioche, Nevada -- period caption ""Nevada's Famous $1,000,000.00 Court House,"" circa 1900-1925 [James Hulse Photograph Collection on Pioche, Nevada]",http://n2t.net/ark:/62930/d19p2wm23,,true,true,true
pho013129,168,Government & Politics,"P.101, P.104",UNLV Special Collections,"Photograph of governor's mansion, Carson City, Nevada, circa 1908-1909 [Elbert Edwards Photograph Collection (PH-00214)]",http://n2t.net/ark:/62930/d13r0pv96,,true,true,true
tey0054,169,Government & Politics,"P.101, P.156",Western Nevada Historic Photo Collection,"1911 Nevada Legislature -- labeled group photo naming Clay Tallman (Senate President Pro Tem 1909-1913), A.C. Frolich (Assembly Speaker 1911-1913), James G. Sweeney (Chief Justice), and senators from Washoe/Esmeralda/Nye/Ormsby/Lyon/Douglas counties. This is the legislature that passed the Las Vegas incorporation bill, March 1911. Source: Carson City: The Early Years (WNHPC).",https://wnhpc.com/details/tey0054,,true,,true
pcrd.1d03667,170,"Maps, Newspapers & Documents","P.101, P.156",Library of Congress,"State capitol - Carson City. Library of Congress Prints and Photographs Division, postcard collection. Digital ID: pcrd 1d03667",https://www.loc.gov/pictures/resource/pcrd.1d03667/,,true,true,
tey0087,171,Trains & Railroads — General,"P.101, P.156",Western Nevada Historic Photo Collection,"Carson Depot (V&T Railroad) -- the Carson City depot of the Virginia & Truckee Railroad, original size before a later expansion. Source: Carson City: The Early Years (WNHPC).",https://wnhpc.com/details/tey0087,,true,,true
tey0082,172,Government & Politics,"P.104, P.156 (loose)",Western Nevada Historic Photo Collection,"Suffrage -- Governor Emmett D. Boyle signs the resolution for ratification of the 19th Amendment, February 7, 1920. Also present: Mrs. Sadie D. Hurst (first female member of the Nevada Legislature) and Speaker of the Assembly D.J. Fitzgerald. Source: Carson City: The Early Years (WNHPC).",https://wnhpc.com/details/tey0082,"Suffragettes; Governor; Suffrage / 19th Amendment Signing; Governor Boyle; Carson City, NV",true,,true
pho013120,173,Uncategorized,P.104,UNLV Special Collections,"Photograph of Denver Dickerson, Nevada, circa 1908-1910 [Elbert Edwards Photograph Collection (PH-00214)]",http://n2t.net/ark:/62930/d18c9r58r,,true,true,true
pho014432,174,Urban & Street Scenes,P.104-108,UNLV Special Collections,"Photograph of a footrace, Las Vegas, Nevada, July 4, 1907 [Leon Rockwell Photograph Collection (PH-00008)]",http://n2t.net/ark:/62930/d1rv0d30m,,true,true,true
pho025998,175,Government & Politics,P.108-112,UNLV Special Collections,"Clark County Courthouse (temporary building, 1909)",https://special.library.unlv.edu/ark%3A/62930/d1bg2m77h,,,true,
pho019878,176,Urban & Street Scenes,P.108-112,UNLV Special Collections,"County commissioners (Harmon, Ronnow, others), ca. 1912-1914",https://special.library.unlv.edu/ark%3A/62930/d1513v09k,County Commissioners; Charles Ronnow; Harmon,true,true,
pho019880,177,People & Crowds,P.112-119,UNLV Special Collections,Caliente School (Ronnow children),https://special.library.unlv.edu/ark%3A/62930/d1wm13z3r,"Children; Schoolchildren; Charles Ronnow; Caliente, NV",true,true,
snv000187,178,Mining,"P.119, P.38-42",UNLV Special Collections,"Photograph of a power plant for a mill, Goldfield (Nev.), early 1900s [C. A. Earle Rinker Photograph Collection of Goldfield, Nevada (PH-00350)]",http://n2t.net/ark:/62930/d1j38kx6x,,true,true,true
pho025511,179,Urban & Street Scenes,"P.119, P.38-42",UNLV Special Collections,Charles Ronnow (Ed Clark's business partner),https://special.library.unlv.edu/ark%3A/62930/d1zw1900m,Ed Clark; Charles Ronnow,true,true,
2EJ3T8R,180,"Maps, Newspapers & Documents",P.124-128,Alamy,"Water supply system diagram/drawing, 1900s",https://www.alamy.com/vintage-plans-of-building-system-of-drainage-and-water-supply-essential-to-proper-sanitation-1900s-image406987191.html,,true,true,true
429744,181,"Maps, Newspapers & Documents",P.124-128,Utah Historical Society,Sewer/water supply plans,https://collections.lib.utah.edu/details?id=429744,Railroad Maps & Plans; Sewers; Water Supply,,true,
429746,182,"Maps, Newspapers & Documents",P.124-128,Utah Historical Society,Sewer/water supply plans,https://collections.lib.utah.edu/details?id=429746,Railroad Maps & Plans; Sewers; Water Supply,,true,
429753,183,"Maps, Newspapers & Documents",P.124-128,Utah Historical Society,Sewer/water supply plans,https://collections.lib.utah.edu/details?id=429753,Railroad Maps & Plans; Sewers; Water Supply,,true,
429758,184,"Maps, Newspapers & Documents",P.124-128,Utah Historical Society,Sewer/water supply plans,https://collections.lib.utah.edu/details?id=429758,Railroad Maps & Plans; Sewers; Water Supply,,true,
DPW-35,185,People & Crowds,P.124-128,San Francisco Public Library,"San Francisco sewers with construction workers, 1910",https://digitalsf.org/record/6559,"Workers; Construction Workers; Sewers; San Francisco, CA",true,true,true
2M2JKTF,186,Sanitation & Utilities,P.124-128,Alamy,"Culvert - Malden, Mass., 1904",https://www.alamy.com/distribution-department-spot-pond-brook-winter-street-culvert-northerly-end-malden-mass-apr-30-1904-waterworks-brooks-watershed-sanitary-improvement-image500740703.html,,true,true,true
2M2JKRR,187,Sanitation & Utilities,P.124-128,Alamy,"Culvert / drainage area - Melrose, Mass., 1904",https://www.alamy.com/distribution-department-spot-pond-brook-wyoming-avenue-culvert-westerly-end-melrose-mass-apr-30-1904-waterworks-brooks-watershed-sanitary-improvement-image500740683.html,,true,true,true
45,188,Sanitation & Utilities,P.124-128,Digital Commonwealth,Sewer construction,https://www.digitalcommonwealth.org/search/commonwealth:xw42p9010,Sewers; Sewer Construction,true,true,true
MDWSC_C_0071_0009_CE,189,Sanitation & Utilities,P.124-128,Massachusetts Archives / Digital Commonwealth,"Contract No. 71, WPA Sewer Construction, Holden, laying 8 in. vitrified clay pipe, looking northerly from Sta. 30+35, Holden Sewer, Holden, Mass., Dec. 5, 1939 [Metropolitan District Water Supply Commission, Quabbin Reservoir] -- period sewer-construction reference photo, not Nevada",https://www.digitalcommonwealth.org/search/commonwealth:5m60tx74j,Sewers; Sewer Construction,true,true,
DPW-46,190,Sanitation & Utilities,P.124-128,San Francisco Public Library,"San Francisco sewers, 1910, being built",https://digitalsf.org/record/6563,,true,true,true
AHAPZ202108000145,191,Sanitation & Utilities,P.124-128,Temple University Digital Collections,Sewer construction,https://digital.library.temple.edu/digital/collection/p245801coll13/id/4540,Sewers; Sewer Construction,,true,
hln000124,192,Sanitation & Utilities,P.124-128,UNLV Special Collections,"Men laying sewer pipe, Boulder City, ca. 1931",https://special.library.unlv.edu/ark%3A/62930/d1p846v6x,"Men; Sewers; Sewer Pipe; Men Laying Sewer Pipe; Boulder City, NV",true,true,true
hln000338,193,Sanitation & Utilities,P.124-128,UNLV Special Collections,"Men laying sewer pipe, Boulder City",https://special.library.unlv.edu/ark%3A/62930/d16t0kw0p,"Men; Sewers; Sewer Pipe; Men Laying Sewer Pipe; Boulder City, NV",true,true,true
hln000340,194,Sanitation & Utilities,P.124-128,UNLV Special Collections,"Men laying sewer pipe, Boulder City",https://special.library.unlv.edu/ark%3A/62930/d1zc7vt5h,"Men; Sewers; Sewer Pipe; Men Laying Sewer Pipe; Boulder City, NV",true,true,true
hln000313,195,Sanitation & Utilities,P.124-128,UNLV Special Collections,"Men laying sewer pipe, Boulder City",https://special.library.unlv.edu/ark%3A/62930/d1fj2dc3h,"Men; Sewers; Sewer Pipe; Men Laying Sewer Pipe; Boulder City, NV",true,true,true
hln000423,196,Sanitation & Utilities,P.124-128,UNLV Special Collections,"Men laying sewer pipe, Boulder City",https://special.library.unlv.edu/ark%3A/62930/d1nv9d94q,"Men; Sewers; Sewer Pipe; Men Laying Sewer Pipe; Boulder City, NV",true,true,true
pho005819,197,Sanitation & Utilities,P.124-128,UNLV Special Collections,"Sewer construction, Boulder City",https://special.library.unlv.edu/ark%3A/62930/d1g15xg59,"Sewers; Sewer Construction; Boulder City, NV",true,true,true
Pho023137,198,Sanitation & Utilities,P.124-128,UNLV Special Collections,"Sewer construction, Boulder City",https://special.library.unlv.edu/ark%3A/62930/d1qn5zh42,"Sewers; Sewer Construction; Boulder City, NV",true,true,true
pho023136,199,Sanitation & Utilities,P.124-128,UNLV Special Collections,"Sewer construction, Boulder City",https://special.library.unlv.edu/ark%3A/62930/d1vd6p97q,"Sewers; Sewer Construction; Boulder City, NV",true,true,true
2714859,200,Sanitation & Utilities,P.124-128,Utah Historical Society,"Corrugated pipe siphon, 1910",https://collections.lib.utah.edu/ark:/87278/s6zc6tmp,Corrugated Pipe Siphon,true,true,true
2669736,201,Sanitation & Utilities,P.124-128,Utah Historical Society,"Water supply in concrete reservoir, 1905",https://collections.lib.utah.edu/ark:/87278/s6afswsn,,,true,
2714874,202,Sanitation & Utilities,P.124-128,Utah Historical Society,"Water supply in concrete reservoir, with materials list",https://collections.lib.utah.edu/ark:/87278/s648tkc4,Water Tank / Reservoir; Water Supply; Concrete Reservoir,,true,
2714858,203,Trains & Railroads — Construction & Infrastructure,P.124-128,Utah Historical Society,Double coal house for company dwellings,https://collections.lib.utah.edu/ark:/87278/s6rby25h,Coal House,true,true,true
573,204,Trains & Railroads — General,P.124-128,Utah Historical Society,"Denver and Rio Grande Western RR, east-bound train #6 crossing Soldier Summit, 1910 (D&RGW R.R. P.7)",https://collections.lib.utah.edu/ark:/87278/s6pk1zvr,"Denver and Rio Grande Western RR, east-bound train #6, crossing the divide at Soldier Summit,",true,true,true
CH-00542,205,Events & Disasters,P.129-136,Nevada Historical Society,"Flood/washout, 1910 (cheat - Fallon flood 1907)",https://nevadahistory.pastperfectonline.com/photo/85F34D11-5B34-4A66-9A83-368651104515,Flood; Washout,,true,
hln000245,206,Events & Disasters,P.129-133,UNLV Special Collections,"Flooding in Carp, NV, 1905",https://special.library.unlv.edu/ark%3A/62930/d10r9q359,"Flood; Carp, NV; Carp; Ephemeral; Fences; Flooding; Floods; Mountain",true,true,
Hln000247,207,Events & Disasters,P.129-133,UNLV Special Collections,"Flood damage in Stine, NV, 1905",https://special.library.unlv.edu/ark%3A/62930/d1r788n8t,"Flood; Stine, NV",true,true,
hln000248,208,Events & Disasters,P.129-133,UNLV Special Collections,"Flood in Carp (WARNING: script wants 1909-10 flood, this resolves to 1905, verify) (1905)",https://special.library.unlv.edu/ark:/62930/d1mg7jv4p,Damage; Flood; Tracks; Rails; Stine Nevada,true,true,
NEEDS-ID-18,209,Events & Disasters,P.129-133,UNLV Special Collections (not digitized),"Flash flood in Stine, NV, 1905 - NOT DIGITIZED (some found digitized separately)",https://special.library.unlv.edu/node/85232,,,,
hln000264,210,Landscape & Terrain,P.129-133 (loose),UNLV Special Collections,"Flooding in desert, 1950s, windblown tree",https://special.library.unlv.edu/ark%3A/62930/d1jm26f7g,Flood; Desert; Trees,true,true,
pho031617,211,Ranching & Farming,P.129-133,UNLV Special Collections,Cracked mud from Meadow Valley Wash flood,https://special.library.unlv.edu/ark%3A/62930/d1cn6zb43,"Harvest; Farming; Bunkerville, NV",true,true,true
hln000246,212,Trains & Railroads — General,P.129-133,UNLV Special Collections,"Flood, damaged tracks in Stine, NV, 1905",https://special.library.unlv.edu/ark%3A/62930/d1w090g0m,"Railroad Tracks; Flood; Stine, NV",true,true,
NEEDS-ID-10,213,Trains & Railroads — General,P.129-136,Union Pacific Railroad Museum,"1938 flood, same location as earlier flood photos (tracks and mud)",https://unionpacific.canto.com/v/UnionPacificCollection/library?keyword=FLOOD,,,,
NC96_22_79_5,214,Urban & Street Scenes,P.136-142,University of Nevada Reno,"Reno, quiet residential street",https://unr.dgicloud.com/node/48971,"Street Scene; Residential Street; Reno, NV",,true,
campphotoscollection:5367,215,Urban & Street Scenes,P.136-142,University of Nevada Reno,Downtown Reno,https://unr.dgicloud.com/node/3206,,true,true,true
campphotoscollection:5365,216,Urban & Street Scenes,P.136-142,University of Nevada Reno,"Downtown Reno, a few people",https://unr.dgicloud.com/node/11156,,true,true,true
pho017802,217,People & Crowds,P.141,UNLV Special Collections,Cahlan family (1910),https://special.library.unlv.edu/ark:/62930/d1jd4ps8x,Families; Cahlan Family,true,true,true
pho017706,218,Events & Disasters,P.148-151,UNLV Special Collections,"Harvest at J.I. Earl farm, Bunkerville, NV, 1905",https://special.library.unlv.edu/ark%3A/62930/d1pk07521,"Flood; Meadow Valley Wash, NV",true,true,true
NEEDS-ID-21,219,People & Crowds,P.148-151,UNLV Special Collections (not digitized),"People at Old Ranch, 1911 - NOT DIGITIZED",https://special.library.unlv.edu/node/279355,,,,
NEEDS-ID-19,220,Ranching & Farming,P.148-151,UNLV Special Collections (not digitized),"Bordoli ranch, 1910 - NOT DIGITIZED",https://special.library.unlv.edu/node/50090,,,,
NEEDS-ID-20,221,Ranching & Farming,P.148-151,UNLV Special Collections (not digitized),"Man on a horse at Bill Morgan's Old Ranch, 1910 - NOT DIGITIZED",https://special.library.unlv.edu/node/279361,,,,
1a34194,222,Agriculture,P.151-152,Library of Congress,Crates of peaches,https://www.loc.gov/pictures/resource/fsac.1a34194/,,true,true,true
CHS-1130,223,Agriculture,P.151,USC Digital Library,"Picking strawberries in California, 1910 (Florence Boyer)",https://digitallibrary.usc.edu/CS.aspx?VP3=DamView&VBID=2A3BXZ64A78J3&PN=1&DocRID=2A3BF16BONA,Strawberry Picking; Florence Boyer,true,true,true
pho023728,224,Horses & Animals,P.151,UNLV Special Collections,"Country doctor in wagon, Nevada, 1880-1910",https://special.library.unlv.edu/ark%3A/62930/d1h41js9j,,true,true,true
pho014397,225,People & Crowds,P.151,UNLV Special Collections,"McGriff Ranch, early 1900s, man",https://special.library.unlv.edu/ark%3A/62930/d1901zj18,Men; Ranch; McGriff Family,true,true,true
pho004895,226,People & Crowds,P.151,UNLV Special Collections,"McGriff Ranch, early 1900s, people and house",https://special.library.unlv.edu/ark%3A/62930/d1wp9t64s,People; Ranch; McGriff Family,true,true,true
pho004794,227,Ranching & Farming,P.151,UNLV Special Collections,Greenhouse at McGriff Ranch,https://special.library.unlv.edu/ark%3A/62930/d1f47gt3x,Ranch; Greenhouse; McGriff Family,true,true,true
pho004793,228,Ranching & Farming,P.151,UNLV Special Collections,"Olive Lake at well on McGriff Ranch, Las Vegas",https://special.library.unlv.edu/ark%3A/62930/d1js9h75x,"Ranch; Well; Olive Lake; McGriff Family; Las Vegas, NV",true,true,true
NEEDS-ID-17,229,Ranching & Farming,P.151,UNLV Special Collections (not digitized),"Peach orchard, McGriff property, 1912 - NOT DIGITIZED",https://special.library.unlv.edu/node/751123,,,,
pho019885,230,Urban & Street Scenes,P.151,UNLV Special Collections,"Della McGriff with man on the ranch, 1910s",https://special.library.unlv.edu/ark%3A/62930/d17s7hx3c,Men; Ranch; Della McGriff; McGriff Family,true,,true
D99999_539,231,Government & Politics,Yes -- script row 155 area (Squires advocates for incorporation bill at Carson City),UNLV Special Collections,"Nevada State Capitol building in Carson City, Nevada: photographic print. On photograph printed ""John Nulty photography"", 1930-1970 [Walking Box Ranch Photograph Collection].",http://n2t.net/ark:/62930/d1j97k,,true,true,true
D99999_590,232,Urban & Street Scenes,Yes -- script row 155 area (Squires advocates for incorporation bill at Carson City),UNLV Special Collections,"Aerial view of the Nevada Capitol building: photographic print. Copyright stamp on back ""Photo by John Nulty"", 1930-1970 [Walking Box Ranch Photograph Collection].",http://n2t.net/ark:/62930/d1n103,,true,true,true
Pho016224,233,Horses & Animals,P.160,UNLV Special Collections,Mrs. Park on her porch with dog,https://special.library.unlv.edu/ark%3A/62930/d1445hg0v,Dogs; Park Family,true,,
1112,234,Commerce & Buildings,P.163-165,Found Image Press (Amazon),"Restaurant kitchen, for Overland Fire",https://www.amazon.com/dp/B0C2JFVWB4,Restaurant; Restaurant Kitchen; Fire,,,
Pho033937-014,235,People & Crowds,P.163-165,UNLV Special Collections,Smiling woman on a picnic,https://special.library.unlv.edu/ark%3A/62930/d1154hn5j,Women; Picnicking; Album; Park Families; Picnic; Woman; Smiling; Ice plant; Garden of the Gods,true,true,
pho017618,236,Urban & Street Scenes,P.163-165,UNLV Special Collections,Von Tobel and Beckley families picnicking,https://special.library.unlv.edu/ark%3A/62930/d1j960d4h,Families; Picnicking; Beckley Family; Von Tobel Family,true,true,
pho021802,237,Commerce & Buildings,"Rough Cut p.171-176 — New WorkFlow (Overland Hotel fire aftermath, people)",UNLV Special Collections,"Photograph of Overland Hotel after a fire, Las Vegas (Nev.), 1911 [Junior League of Las Vegas Photograph Collection]",http://n2t.net/ark:/62930/d1p84416b,,true,true,true
pho006111,238,Commerce & Buildings,Rough Cut p.171-176 — New WorkFlow (Overland Hotel fire remains),UNLV Special Collections,"Photograph of Overland Hotel, Las Vegas, circa 1911 [Charles P. Squires Photograph Collection]",http://n2t.net/ark:/62930/d1vt1gp8w,,true,true,true
pho020087,239,Agriculture,,UNLV Special Collections,"Empty desert (WARNING: resolves 1920-1929, script wants ~1910, verify) (1920 to 1929)",https://special.library.unlv.edu/ark:/62930/d1513v10p,,true,true,true
snv002558,240,Agriculture,,UNLV Special Collections,Lena Carl Stewart with a rifle and a dog near a creek: photograph,https://special.library.unlv.edu/ark:/62930/d1bk1742v,,true,true,true
pho014697,241,Agriculture,,UNLV Special Collections,Clark-Ronnow ranch (1905 to 1930),https://special.library.unlv.edu/ark:/62930/d1ns0m09g,,true,true,true
pho017729,242,Agriculture,,UNLV Special Collections,pho017729,,Frehner Family; First Home; Farm; Portrait,,true,
2012646311,243,Commerce & Buildings,,Library of Congress,"Mary's Dance Hall, Goldfield, Nevada, 1907",https://lccn.loc.gov/2012646311,,true,true,true
L87-1.2383-10,244,Commerce & Buildings,"general ref, no clear page",Northwest Museum (Ferris Archives),"Spokane, 1910, grocery store",https://ferrisarchives.northwestmuseum.org/Item/Index/3657,,true,true,true
L87-1.2384-10,245,Commerce & Buildings,"general ref, no clear page",Northwest Museum (Ferris Archives),"Spokane, 1910, fancy couple in a restaurant",https://ferrisarchives.northwestmuseum.org/Item/Index/3658,,true,true,true
pho006296,246,Commerce & Buildings,,UNLV Special Collections,Bank / W.E. Hawkins Store (1900 to 1915),https://special.library.unlv.edu/ark:/62930/d13b5w77d,,true,true,true
pho025819,247,Commerce & Buildings,,UNLV Special Collections,County Commissioner W.E. Hawkins (1913 to 1919),https://special.library.unlv.edu/ark:/62930/d1dv1cv48,,true,true,true
pho006099,248,Commerce & Buildings,,UNLV Special Collections,Kids outside church (1910 to 1919),https://special.library.unlv.edu/ark:/62930/d1dr2p837,,true,true,true
pho012890,249,Commerce & Buildings,,UNLV Special Collections,Saloon with burros (1905),https://special.library.unlv.edu/ark:/62930/d1057ct9w,,true,true,true
pho025125,250,Commerce & Buildings,,UNLV Special Collections,"Interiors, Caliente (Saloon keepers)",,,,,
pho019918,251,Education,,UNLV Special Collections,"Helen Hackett, Rose Valley School, Lincoln County, Nevada, 1931",http://n2t.net/ark:/62930/d1057cx1c,,,,
pho013067,252,Education,,UNLV Special Collections,pho013067,,School; Panaca; Nevada,,true,
csfcp_000063,253,Events & Disasters,,Internet Archive / California Revealed,Goldfield-Rawhide NV 1904-1909 photo album (incl. 1905 and 1908 fire photos),https://archive.org/details/csfcp_000063,,,,
pho013953,254,Events & Disasters,,UNLV Special Collections,Hospital tent (1904 to 1906),https://special.library.unlv.edu/ark:/62930/d1697008b,,true,true,true
pho033453,255,Events & Disasters,,UNLV Special Collections,Early wood bank building (1900 to 1939),https://special.library.unlv.edu/ark:/62930/d1901zx92,,,true,
pho006091,256,Events & Disasters,,UNLV Special Collections,Ice plant (1905 to 1920),https://special.library.unlv.edu/ark:/62930/d1fq9q53x,,true,true,true
pho006293,257,Events & Disasters,,UNLV Special Collections,Ice plant intact (1905 to 1907),https://special.library.unlv.edu/ark:/62930/d1gm81p0t,,true,true,true
pho013214,258,Events & Disasters,,UNLV Special Collections,Clark's Forwarding (1900 to 1939),https://special.library.unlv.edu/ark:/62930/d14746t27,,true,true,true
pho031198,259,Events & Disasters,,UNLV Special Collections,Rainstorm/flood (1910 (approx) to 1930 (approx)),https://special.library.unlv.edu/ark:/62930/d1hm52x2h,,true,true,true
pho031199,260,Events & Disasters,,UNLV Special Collections,Rainstorm/flood (1910 (approx) to 1930 (approx)),https://special.library.unlv.edu/ark:/62930/d1cv4c39n,,true,true,true
2016864143,261,Government & Politics,,Library of Congress,"Tasker Oddie, Governor of Nevada, portrait, 1912, Standing",https://lccn.loc.gov/2016864143,,true,true,true
nv0072,262,Government & Politics,,Library of Congress (HABS),"Old Lincoln County Courthouse (Million Dollar Courthouse), Pioche, NV",https://www.loc.gov/item/nv0072/,,true,true,true
TNV006,263,Government & Politics,,Town of Tonopah,"Nye County Courthouse, Tonopah, NV, 1910",https://www.tonopahnevada.com/tonopah-historic-photos/,,true,true,true
pho018500,264,Government & Politics,,UNLV Special Collections,"Aerial photograph of Pioche, Nevada, 1870-1889 (Million Dollar Courthouse visible)",http://n2t.net/ark:/62930/d1445hg77,,true,true,true
pho019910,265,Government & Politics,,UNLV Special Collections,"U.S. Senator William A. Clark from Montana, undated",http://n2t.net/ark:/62930/d1154dt1m,,true,true,true
pho019911,266,Government & Politics,,UNLV Special Collections,"Governor Emmett D. Boyle of Nevada signing resolution for the Nineteenth Amendment, 1920 February 07",http://n2t.net/ark:/62930/d1wd3q561,,true,true,true
pho025999,267,Government & Politics,,UNLV Special Collections,"Photograph of Clark County Courthouse, Las Vegas (Nev.) -- close view, circa 1900-1925 [Sunnie Gillette Photograph Collection]. See also pho025998 (other courthouse views).",http://n2t.net/ark:/62930/d16q1wf2w,,true,true,true
pho006301,268,Government & Politics,,UNLV Special Collections,"Slide of the first Clark County Courthouse, Las Vegas, circa early 1910s",http://n2t.net/ark:/62930/d1fn10s04,,true,true,true
pho021842,269,Government & Politics,,UNLV Special Collections,"Photograph of Senator William A. Clark, circa 1890s [Junior League of Las Vegas Photograph Collection]",http://n2t.net/ark:/62930/d1hd7nz0q,,true,true,true
pho023367,270,Government & Politics,,UNLV Special Collections,"Photograph of Lincoln County Court House, Pioche (Nev.), 1872 -- POST NO BILLS signage [Campbell Family Photograph Collection]",http://n2t.net/ark:/62930/d10z7128b,,true,true,true
pho006104,271,Government & Politics,,UNLV Special Collections,"Construction of courthouse, 1914, men in hats",,,,,
PH-00001,272,Government & Politics,,UNLV Special Collections,Senator Clark's RR car,,,,,
177247046,273,Government & Politics,,Wikimedia Commons,"Denver S. Dickerson, Governor of Nevada, portrait, c. 1908-1910","https://commons.wikimedia.org/wiki/File:Denver_S._Dickerson,_c._1908-1910.jpg",,true,,true
00694211,274,Horses & Animals,,Library of Congress,"Freight train (Edison film, video), 1898",https://lccn.loc.gov/00694211,,,true,
snv002501,275,Horses & Animals,,UNLV Special Collections,Wagon train / 16-horse team passing Las Vegas Bank & Trust (1905),https://special.library.unlv.edu/ark:/62930/d19w09d16,,true,true,true
pho017616,276,Horses & Animals,,UNLV Special Collections,Von Tobel inspecting supply wagon (Unknown year in the decade of the 1900s),https://special.library.unlv.edu/ark:/62930/d1st7f136,,true,true,true
pho023871,277,Horses & Animals,,UNLV Special Collections,"Photograph of horsemen at the Newman House, Pioche (Nev.), early 1900s [John Janney Photograph Collection on Pioche, Nevada]",https://special.library.unlv.edu/ark:/62930/d11c1tn18,,true,true,true
hln000175,278,Landscape & Terrain,,UNLV Special Collections,hln000175,,Las Vegas Valley; Sunrise; Frenchman; Mountains; Mormon Fort,,true,
sn86076141_1910-01-01,279,"Maps, Newspapers & Documents",,Library of Congress (Chronicling America),"Las Vegas Age newspaper, front page, January 1, 1910",https://www.loc.gov/resource/sn86076141/1910-01-01/ed-1/?sp=1,,true,true,true
The_Pomona_Daily_Review_1905_06_20_4,280,"Maps, Newspapers & Documents",,Newspaper,The Pomona Daily Review 1905 06 20 4,,,,true,
Los_Angeles_Evening_Express_1905_06_27_11,281,"Maps, Newspapers & Documents",,Newspaper,Los Angeles Evening Express 1905 06 27 11,,,,true,
Los_Angeles_Evening_Express_1905_05_17_9,282,"Maps, Newspapers & Documents",,Newspaper,Los Angeles Evening Express 1905 05 17 9,,,,true,
Los_Angeles_Evening_Express_1905_07_17_2,283,"Maps, Newspapers & Documents",,Newspaper,Los Angeles Evening Express 1905 07 17 2.,,,,true,
Los_Angeles_Evening_Express_1905_05_18_2,284,"Maps, Newspapers & Documents",,Newspaper,Los Angeles Evening Express 1905 05 18 2,,,,true,
The_Los_Angeles_Times_1905_05_12_28,285,"Maps, Newspapers & Documents",,Newspaper,The Los Angeles Times 1905 05 12 2,,,,true,
The_Los_Angeles_Times_1905_05_29_5,286,"Maps, Newspapers & Documents",,Newspaper,The Los Angeles Times 1905 05 29 5,,,,true,
Los_Angeles_Herald_1905_05_28_Page_4,287,"Maps, Newspapers & Documents",,Newspaper,Los Angeles Herald 1905 05 28 Page 4,,,,true,
The_Los_Angeles_Times_1905_06_04_50,288,"Maps, Newspapers & Documents",,Newspaper,The Los Angeles Times 1905 06 04 50,,,,true,
The_Los_Angeles_Times_1905_05_13_11,289,"Maps, Newspapers & Documents",,Newspaper,The Los Angeles Times 1905 05 13 11,,,,true,
Deseret_News_1905_05_12_Page_8,290,"Maps, Newspapers & Documents",,Newspaper,Deseret News 1905 05 12 Page 8,,,,true,
The_Los_Angeles_Times_1905_06_11_53,291,"Maps, Newspapers & Documents",,Newspaper,The Los Angeles Times 1905 06 11 53,,,,true,
The_Los_Angeles_Times_1905_06_06_19,292,"Maps, Newspapers & Documents",,Newspaper,The Los Angeles Times 1905 06 06 19,,,,true,
Salt_Lake_Telegram_1905_06_12_15,293,"Maps, Newspapers & Documents",,Newspaper,Salt Lake Telegram 1905 06 12 15,,,,true,
The_Salt_Lake_Tribune_1905_05_14_Page_23,294,"Maps, Newspapers & Documents",,Newspaper,The Salt Lake Tribune 1905 05 14 Page 23,,,,true,
Salt_Lake_Telegram_1905_05_02_1,295,"Maps, Newspapers & Documents",,Newspaper,Salt Lake Telegram 1905 05 02 1,,,,true,
Las_Vegas_Age_1911_01_14_4,296,"Maps, Newspapers & Documents",,Newspaper,Las Vegas Age 1911 01 14 4,,,,true,
Las_Vegas_Age_1911_04_29_4,297,"Maps, Newspapers & Documents",,Newspaper,,,,,true,
Las_Vegas_Age_1911_04_08_10,298,"Maps, Newspapers & Documents",,Newspaper,,,,,true,
Las_Vegas_Age_1911_05_13_4,299,"Maps, Newspapers & Documents",,Newspaper,,,,,true,
Las_Vegas_Age_1911_09_16_8,300,"Maps, Newspapers & Documents",,Newspaper,,,,,true,
Las_Vegas_Age_1911_05_27_4,301,"Maps, Newspapers & Documents",,Newspaper,,,,,true,
Las_Vegas_Age_1911_09_09_8,302,"Maps, Newspapers & Documents",,Newspaper,,,,,true,
Las_Vegas_Age_1911_09_09_4,303,"Maps, Newspapers & Documents",,Newspaper,,,,,true,
The_San_Diego_Sun_1911_07_06_1,304,"Maps, Newspapers & Documents",,Newspaper,,,,,true,
Pasadena_Star_News_1911_07_06_1,305,"Maps, Newspapers & Documents",,Newspaper,,,,,true,
The_Tacoma_Times_1911_07_06_Page_1,306,"Maps, Newspapers & Documents",,Newspaper,,,,,true,
St_Albans_Daily_Messenger_1911_12_19_7,307,"Maps, Newspapers & Documents",,Newspaper,,,,,true,
St_Albans_Weekly_Messenger_1911_12_21_8,308,"Maps, Newspapers & Documents",,Newspaper,,,,,true,
The_Oregon_Daily_Journal_1911_07_06_10,309,"Maps, Newspapers & Documents",,Newspaper,,,,,true,
The_Fairbury_Blade_1911_08_04_1,310,"Maps, Newspapers & Documents",,Newspaper,,,,,true,
Las_Vegas_Age_1911_02_25_5,311,"Maps, Newspapers & Documents",,Newspaper,,,,,true,
Las_Vegas_Age_1911_05_06_4,312,"Maps, Newspapers & Documents",,Newspaper,,,,,true,
Las_Vegas_Age_1911_01_14_5,313,"Maps, Newspapers & Documents",,Newspaper,,,,,true,
Las_Vegas_Age_1911_04_29_1,314,"Maps, Newspapers & Documents",,Newspaper,,,,,true,
Las_Vegas_Age_1911_03_04_5,315,"Maps, Newspapers & Documents",,Newspaper,,,,,true,
Las_Vegas_Age_1911_04_29_5,316,"Maps, Newspapers & Documents",,Newspaper,,,,,true,
Las_Vegas_Age_1911_01_07_4,317,"Maps, Newspapers & Documents",,Newspaper,Las Vegas Age 1911 01 07 4.,,,,true,
Las_Vegas_Age_1911_01_07_5,318,"Maps, Newspapers & Documents",,Newspaper,Las Vegas Age 1911 01 07 5,,,,true,
Las_Vegas_Age_1911_01_07_8,319,"Maps, Newspapers & Documents",,Newspaper,Las Vegas Age 1911 01 07 8,,,,true,
Las_Vegas_Age_1911_01_14_8,320,"Maps, Newspapers & Documents",,Newspaper,,,,,true,
Las_Vegas_Age_1911_09_16_1,321,"Maps, Newspapers & Documents",,Newspaper,,,,,true,
Las_Vegas_Age_1911_09_16_2,322,"Maps, Newspapers & Documents",,Newspaper,,,,,true,
Las_Vegas_Age_1911_09_16_5,323,"Maps, Newspapers & Documents",,Newspaper,,,,,true,
Las_Vegas_Age_1911_09_16_7,324,"Maps, Newspapers & Documents",,Newspaper,,,,,true,
Las_Vegas_Age_1911_09_09_2,325,"Maps, Newspapers & Documents",,Newspaper,,,,,true,
Las_Vegas_Age_1911_09_09_5,326,"Maps, Newspapers & Documents",,Newspaper,,,,,true,
Las_Vegas_Age_1911_09_09_7,327,"Maps, Newspapers & Documents",,Newspaper,,,,,true,
Las_Vegas_Age_1911_05_06_1,328,"Maps, Newspapers & Documents",,Newspaper,,,,,true,
Las_Vegas_Age_1911_05_06_2,329,"Maps, Newspapers & Documents",,Newspaper,,,,,true,
Las_Vegas_Age_1911_05_06_5,330,"Maps, Newspapers & Documents",,Newspaper,,,,,true,
Las_Vegas_Age_1911_05_06_8,331,"Maps, Newspapers & Documents",,Newspaper,,,,,true,
Las_Vegas_Age_1911_05_13_1,332,"Maps, Newspapers & Documents",,Newspaper,,,,,true,
Las_Vegas_Age_1911_05_13_2,333,"Maps, Newspapers & Documents",,Newspaper,,,,,true,
Las_Vegas_Age_1911_05_13_5,334,"Maps, Newspapers & Documents",,Newspaper,,,,,true,
Las_Vegas_Age_1911_05_13_8,335,"Maps, Newspapers & Documents",,Newspaper,,,,,true,
Las_Vegas_Age_1911_05_27_1,336,"Maps, Newspapers & Documents",,Newspaper,,,,,true,
Las_Vegas_Age_1911_05_27_5,337,"Maps, Newspapers & Documents",,Newspaper,,,,,true,
Las_Vegas_Age_1911_05_27_8,338,"Maps, Newspapers & Documents",,Newspaper,,,,,true,
Las_Vegas_Age_1911_01_07_1,339,"Maps, Newspapers & Documents",,Newspaper,Las Vegas Age 1911 01 07 1,,,,true,
Las_Vegas_Age_1911_01_07_3,340,"Maps, Newspapers & Documents",,Newspaper,Las Vegas Age 1911 01 07 3,,,,true,
Las_Vegas_Age_1911_01_14_3,341,"Maps, Newspapers & Documents",,Newspaper,Las Vegas Age 1911 01 14 3,,,,true,
Las_Vegas_Age_1911_02_25_4,342,"Maps, Newspapers & Documents",,Newspaper,,,,,true,
Las_Vegas_Age_1911_02_25_7,343,"Maps, Newspapers & Documents",,Newspaper,,,,,true,
Las_Vegas_Age_1911_02_25_8,344,"Maps, Newspapers & Documents",,Newspaper,,,,,true,
Las_Vegas_Age_1911_03_04_1,345,"Maps, Newspapers & Documents",,Newspaper,,,,,true,
Las_Vegas_Age_1911_03_04_8,346,"Maps, Newspapers & Documents",,Newspaper,,,,,true,
Las_Vegas_Age_1911_04_08_1,347,"Maps, Newspapers & Documents",,Newspaper,,,,,true,
Las_Vegas_Age_1911_04_08_4,348,"Maps, Newspapers & Documents",,Newspaper,,,,,true,
Las_Vegas_Age_1911_04_08_5,349,"Maps, Newspapers & Documents",,Newspaper,,,,,true,
Las_Vegas_Age_1911_04_15_1,350,"Maps, Newspapers & Documents",,Newspaper,,,,,true,
Las_Vegas_Age_1911_04_15_4,351,"Maps, Newspapers & Documents",,Newspaper,,,,,true,
Las_Vegas_Age_1911_04_15_5,352,"Maps, Newspapers & Documents",,Newspaper,,,,,true,
Las_Vegas_Age_1911_04_29_8,353,"Maps, Newspapers & Documents",,Newspaper,,,,,true,
NEEDS-ID-02,354,"Maps, Newspapers & Documents",(ignore per sheet note),Private Source (robertgavora.com),"Postcards of a flood 1910, Nevada (different place - ignore for Squires project)",https://www.robertgavora.com/pages/books/54905/result-reese-river-nevada-flood-1910-nevada-central-railway-seven-photographic-postcards,,,,
pho007102,355,"Maps, Newspapers & Documents",,UNLV Special Collections,"Stewart Ranch, Las Vegas, postcard (1900 to 1939)",https://special.library.unlv.edu/ark:/62930/d1tb0xv61,,true,true,true
pho020567,356,"Maps, Newspapers & Documents",,UNLV Special Collections,"Postcard of Tonopah Belmont Development Company's mine and mill, Tonopah (Nev.), September 18, 1912",https://special.library.unlv.edu/ark:/62930/d1ht2gg9z,,true,true,true
snv000843,357,"Maps, Newspapers & Documents",,UNLV Special Collections,"Postcard of Robert ""Spud"" Lake with men and horse-drawn wagons, Las Vegas (Nev.), December, 1914",https://special.library.unlv.edu/ark:/62930/d1qv3cj0v,,true,true,true
hln000440,358,"Maps, Newspapers & Documents",,UNLV Special Collections,"Photograph of swimmers at Lorenzi Park pool, circa 1931 [Elton and Madelaine Garrett Photograph and Architectural Drawing Collection (PH-00265)]",http://n2t.net/ark:/62930/d16q1wg68,Water; Pool; Diving Board,true,true,
churchseries22_2835,359,"Maps, Newspapers & Documents",,Unidentified (needs repository verification),"Hand-tinted postcard No. 5010, ""Mill Street, Reno, Nevada."" Street scene, early 1900s-1910s. Filename suggests UNR Special Collections (James Edward Church Papers, Series 22) but source page unconfirmed (site requires captcha) -- also note: depicts Reno, not Las Vegas",,,true,true,true
"Pile of lumber by RR tracks, cheat:close ups",360,Mining,,,"Reno Mill and Lumber Company, Eveleth",,,,,
Reno Mill and Lumber Company,361,Mining,,,Reno Mill and Lumber Company,,,,true,
CHS-20325,362,Mining,,California Historical Society / USC Digital Library,"View of the Chollar mine dump in Gold Hill, Nevada, ca. 1900 (re-downloaded at higher resolution, 1200x964)",https://digitallibrary.usc.edu/asset-management/2A3BF14KCN8?FR_=1&W=1092&H=597,,true,true,true
pho018545,363,Mining,,UNLV Special Collections,Miners/people (1908-10-11),https://special.library.unlv.edu/ark:/62930/d1g73774q,,,true,
pho023877,364,Mining,,UNLV Special Collections,"Photograph of mine tailings, Pioche (Nev.), early 1900s [John Janney Photograph Collection on Pioche, Nevada]",https://special.library.unlv.edu/ark:/62930/d17s7hz68,,true,true,true
pho023878,365,Mining,,UNLV Special Collections,"Photograph of mines, Pioche (Nev.), early 1900s [John Janney Photograph Collection on Pioche, Nevada]",https://special.library.unlv.edu/ark:/62930/d1445hj55,,true,true,true
pho023880,366,Mining,,UNLV Special Collections,"Photograph of hillside mines, Pioche (Nev.), early 1900s [John Janney Photograph Collection on Pioche, Nevada]",https://special.library.unlv.edu/ark:/62930/d1vm4336t,,true,true,
pho023879,367,Mining,,UNLV Special Collections,"Photograph of mines, Pioche (Nev.), early 1900s [John Janney Photograph Collection on Pioche, Nevada]",https://special.library.unlv.edu/ark:/62930/d10c4sr2h,,true,true,true
pho023882,368,Mining,,UNLV Special Collections,"Photograph of a mill, Pioche (Nev.), early 1900s [John Janney Photograph Collection on Pioche, Nevada]",https://special.library.unlv.edu/ark:/62930/d1m32ng68,,true,true,true
pho014113,369,Mining,,UNLV Special Collections,Miners/People (Pho014113-002),,,,,
2016860954,370,People & Crowds,,Library of Congress,"Tasker Oddie, Senator, portrait",https://lccn.loc.gov/2016860954,,true,true,true
cph.3b04506,371,People & Crowds,,Library of Congress,"William Andrews Clark, 1839-1925 (bust portrait, 1917) [LC-USZ62-56672] -- onsite access only, not downloadable",https://loc.gov/pictures/resource/cph.3b04506/,,,,
cph.3a36791,372,People & Crowds,,Library of Congress,"[Senator William A. Clark (D-Montana), 1839-1925, head-and-shoulders portrait] [LC-USZ62-36382] -- onsite access only, not downloadable",https://loc.gov/pictures/resource/cph.3a36791/,,,,
pho033930-002,373,People & Crowds,"general ref, no clear page",UNLV Special Collections,"People in a wagon in the woods, Mt. Charleston",https://special.library.unlv.edu/ark%3A/62930/d1028sc3g,"People; Mt. Charleston, NV; Horses; Camping; Mt. Charleston; Family; Wagon; Wilson and Park Families; Woods",true,true,
pho033930,374,People & Crowds,"general ref, no clear page",UNLV Special Collections,Wilson and Park families camping near Mt. Charleston (Album 4),https://special.library.unlv.edu/ark%3A/62930/d11834f8d,,,true,
pho033930-003,375,People & Crowds,"general ref, no clear page",UNLV Special Collections,Woman near the tent,https://special.library.unlv.edu/ark%3A/62930/d1v982r0f,Women; Camping,true,,
hln000066,376,People & Crowds,,UNLV Special Collections,"Photograph of people camped on the Colorado River in the Vegas Wash, 1910",https://special.library.unlv.edu/ark:/62930/d18g8jh0j,,true,true,true
pho020232,377,People & Crowds,,UNLV Special Collections,2 women in hats (1909 to 1911),https://special.library.unlv.edu/ark:/62930/d1dr2pd50,,,true,
pho014116,378,People & Crowds,,UNLV Special Collections,People w/train (Pho014116-006-02),,,,true,
pho007164,379,People & Crowds,,UNLV Special Collections,pho007164,,William Stewart; Will; portrait; Stewart,,true,
pho007182,380,People & Crowds,,UNLV Special Collections,pho007182,,Stewart; Family,,true,
pho018485,381,People & Crowds,,UNLV Special Collections,pho018485,,Men; Miners Arms; Saloon; Zither; Glass Windows; Ales; Wines; Spirits,,true,
pho014315,382,People & Crowds,,UNLV Special Collections,pho014315,,Old Ranch; Earl; Floyd; Portrait,,true,
pho021428-005,383,People & Crowds,,UNLV Special Collections,pho021428 005,,portrait; woman; friend; lottie wengert,,true,
pho021428-010,384,People & Crowds,,UNLV Special Collections,pho021428 010,,Portrait; Woman; Lottie Wengert,,true,
pho021428-014,385,People & Crowds,,UNLV Special Collections,pho021428 014,,Portrait; Woman; Esther; Lottie Wengert,,true,
pho021428-013,386,People & Crowds,,UNLV Special Collections,pho021428 013,,Portrait; Veatch; Cedar Falls; Lottie Wengert,,true,
pho018395,387,People & Crowds,,UNLV Special Collections,pho018395,,Cy E. Johnson; Portrait; Men; Man,,true,
pho018479,388,People & Crowds,,UNLV Special Collections,pho018479,,Portrait; Jogn Coggshall; San Francisco,,true,
snv002520,389,People & Crowds,,UNLV Special Collections,snv002520,,family; W.J. Stewart,,true,
pho026753,390,Ranching & Farming,,UNLV Special Collections,Basic Magnesium future plant site (context: near Stewart Ranch imagery search) (1942-03-26),https://special.library.unlv.edu/ark:/62930/d1sf27,,true,true,true
pho007059,391,Ranching & Farming,,UNLV Special Collections,"Stewart Ranch, Las Vegas, transparency (1900 to 1939)",https://special.library.unlv.edu/ark:/62930/d1cf9j65w,,true,true,true
hln000072,392,Ranching & Farming,,UNLV Special Collections,"Photograph of riders near the Vegas Creek at the Stewart Ranch camp in Las Vegas, circa 1905-1906",https://special.library.unlv.edu/ark:/62930/d1h12z678,,true,true,true
hln000023,393,Ranching & Farming,,UNLV Special Collections,"Photograph of first artesian well in Las Vegas Valley on Taylor Ranch, with group of men, before 1910",https://special.library.unlv.edu/ark:/62930/d1tm7507m,,true,true,true
hln000024,394,Ranching & Farming,,UNLV Special Collections,"Photograph of first artesian well in Las Vegas Valley on Taylor Ranch, Clark County, before 1910",https://special.library.unlv.edu/ark:/62930/d1pv6f63g,,true,true,true
hln000039,395,Ranching & Farming,,UNLV Special Collections,"Well, women (open start to 1920)",https://special.library.unlv.edu/ark:/62930/d1rn33685,Well; Artesian; Group,,true,
pho007185,396,Ranching & Farming,,UNLV Special Collections,Well-dressed couple (1913 (year approximate)),https://special.library.unlv.edu/ark:/62930/d13b5w79c,,,true,
hln000093,397,Ranching & Farming,,UNLV Special Collections,Pics of wells (Hln000093a),,,,true,
hln000305,398,Ranching & Farming,,UNLV Special Collections,hln000305,,Artesian; Well; Williams; Bell,,true,
2RWE8CB,399,Sanitation & Utilities,,Alamy,digging a deep round hole with sewer line drain pipe outlet for a septic tank sewer 2RWE8CB,,,,,
G32XJN,400,Sanitation & Utilities,,Alamy,detail of a sanitation ring and metal mold G32XJN,,Cesspools,,,
HG5M7X,401,Sanitation & Utilities,,Alamy,a golden bucket hanging above a little fountain made of stone HG5M7X,,Cesspools,,,
3EAKYN6,402,Sanitation & Utilities,,Alamy,this is the sewer channel of almost dead clusters of dead organic matter muddy water dim reflection of the sun 3EAKYN6,,Sewers,,,
2AJHHN9,403,Sanitation & Utilities,,Alamy,typhus fever with particular reference to the serbian epidemic fig 1 filled cesspool 2AJHHN9,,,,,
hln000068,404,Sanitation & Utilities,,UNLV Special Collections,"Photograph of an outhouse over an irrigation ditch in Corn Creek, Nevada, circa 1938",https://special.library.unlv.edu/ark:/62930/d10z73w40,,true,true,true
2646098,405,Trains & Railroads — Construction & Infrastructure,"general ref, no clear page",Utah Historical Society,Steel oil tank,https://collections.lib.utah.edu/ark:/87278/s647memz,,,true,
TNV001,406,Trains & Railroads — General,,Town of Tonopah,"Drilling competition, Tonopah Railroad Carnival, 1904",https://www.tonopahnevada.com/tonopah-historic-photos/,,true,true,true
TNV003,407,Trains & Railroads — General,,Town of Tonopah,"Railroad Days celebration, Tonopah, 1904",https://www.tonopahnevada.com/tonopah-historic-photos/,,true,true,true
pho023005,408,Trains & Railroads — General,,UNLV Special Collections,"Bullionville & Pioche Railroad Grade in Condor Canyon, Nevada, 1915-1917",http://n2t.net/ark:/62930/d1hq3s43n,,true,true,true
pho004764,409,Trains & Railroads — General,,UNLV Special Collections,"Film transparency of a Las Vegas and Tonopah Railroad Company train car, Las Vegas, circa early 1900s",https://special.library.unlv.edu/ark:/62930/d15q4rk8r,,true,true,true
pho006891,410,Trains & Railroads — General,,UNLV Special Collections,Building big tent / temp depot (1905),https://special.library.unlv.edu/ark:/62930/d12z12p7p,,,true,
pho019795,411,Trains & Railroads — General,,UNLV Special Collections,Train engine w/ construction (script cites Jan 1909 headline -- verify) (1911-10-10),https://special.library.unlv.edu/ark:/62930/d1w08wm56,,true,true,true
snv001103,412,Trains & Railroads — General,,UNLV Special Collections,"Salt Lake Depot, train on tracks (1908 (year approximate))",https://special.library.unlv.edu/ark:/62930/d1125qq39,,true,true,true
pho017630,413,Trains & Railroads — General,,UNLV Special Collections,RR yards (1905 to 1915),https://special.library.unlv.edu/ark:/62930/d1cj87p8j,,true,true,true
snv001925,414,Trains & Railroads — General,,UNLV Special Collections,RR yards (1908),https://special.library.unlv.edu/ark:/62930/d1ff3md7q,,true,true,true
snv001921,415,Trains & Railroads — General,,UNLV Special Collections,RR yards (1900 to 1925),https://special.library.unlv.edu/ark:/62930/d1zc7s81k,,true,true,true
snv001104,416,Trains & Railroads — General,,UNLV Special Collections,RR yards (1900 to 1925),https://special.library.unlv.edu/ark:/62930/d1wd3qf92,,true,true,true
snv001857,417,Trains & Railroads — General,,UNLV Special Collections,RR yards (1900 to 1925),https://special.library.unlv.edu/ark:/62930/d1jh3dg9q,,true,true,true
pho004103,418,Trains & Railroads — General,,UNLV Special Collections,"Las Vegas Ranch, Las Vegas, Nevada, circa 1905 (dated 1904 to 1906). Union Pacific Railroad Company.",https://special.library.unlv.edu/ark:/62930/d1wm13s9d,,true,true,true
CHS-33079-2,419,Trains & Railroads — General,,USC Digital Library,"Train crossing over the Santa Ana River in Riverside, circa 1904 (Creator: C.C. Pierce) [California Historical Society Collection, 1860-1960]",http://doi.org/10.25549/chs-m8202,"Trains; Riverside, CA; Santa Ana River, CA; arch bridge; bridge; crossing",true,true,true
22587,420,Trains & Railroads — General,,Utah Historical Society,Saltair Depot P.3,https://collections.lib.utah.edu/ark:/87278/s6hh6zvd,,true,true,true
23501,421,Trains & Railroads — General,,Utah Historical Society,"Denver & Rio Grande Western Railroad Station, SLC P.53",https://collections.lib.utah.edu/ark:/87278/s6d79r8r,,true,true,true
23302,422,Trains & Railroads — General,,Utah Historical Society,"Denver & Rio Grande Western Railroad Station, SLC P.54",https://collections.lib.utah.edu/ark:/87278/s68g90jd,,true,true,true
pho017627,423,Uncategorized,,,,https://special.library.unlv.edu/ark%3A/62930/d1rv0d421,,,,
pho013824,424,Uncategorized,,,,https://special.library.unlv.edu/ark%3A/62930/d1zg6g89c,,,,
pho017624,425,Uncategorized,,,,,,,,
RR-00549,426,Uncategorized,,,,,,,,
master-pnp-pan-6a13000-6a13900-6a13942u,427,Uncategorized,,,pan 6a13942,,,,,
master-pnp-pan-6a07000-6a07600-6a07603u,428,Uncategorized,,,master pnp pan 6a07000 6a07600 6a07603u,,,,,
0038 0037,429,Uncategorized,,,0038 0037,,,,,
master-pnp-cph-3c30000-3c37000-3c37400-3c37462u,430,Uncategorized,,,master pnp cph 3c30000 3c37000 3c37400 3c37462u,,,,,
master-pnp-cph-3c30000-3c37000-3c37400-3c37463u,431,Uncategorized,,,master pnp cph 3c30000 3c37000 3c37400 3c37463u,,,,,
master-pnp-cph-3c30000-3c37000-3c37400-3c37464u,432,Uncategorized,,,master pnp cph 3c30000 3c37000 3c37400 3c37464u,,,,,
map000242,433,Uncategorized,,,map000242,,,,true,
sanfran-sewers,434,Uncategorized,,,SFPL collection of DPW photographs,,,,true,
182-Reno Mill &amp; Lumber Company,435,Uncategorized,,,,,,,true,
master-pnp-stereo-1s10000-1s14000-1s14000-1s14012u,436,Uncategorized,,,master pnp stereo 1s10000 1s14000 1s14000 1s14012u,,,,true,
man000137-101,437,Uncategorized,,,man000137 101,,,,true,
FirstMailPlane,438,Uncategorized,,,1993 5P 2 002a,,,,true,
map000274-1,439,Uncategorized,,,map000274 1,,,,true,
map000274-2,440,Uncategorized,,,map000274 2,,,,true,
map000293,441,Uncategorized,,,map000293,,,,true,
FearfulOfBanditRaid,442,Uncategorized,,,FearfulOfBanditRaid,,,,true,
LasVegasWillImprove,443,Uncategorized,,,LasVegasWillImprove,,,,true,
LasVegasImprovement,444,Uncategorized,,,LasVegasImprovement,,,,true,
LasVegasRushExpected,445,Uncategorized,,,LasVegasRushExpected,,,,true,
WonderfulNewCity,446,Uncategorized,,,WonderfulNewCity,,,,true,
FactsAboutLasVegas,447,Uncategorized,,,FactsAboutLasVegas,,,,true,
TheMagicCity,448,Uncategorized,,,TheMagicCity,,,,true,
GossipFromTheFront,449,Uncategorized,,,GossipFromTheFront,,,,true,
AttackUnwarranted,450,Uncategorized,,,AttackUnwarranted,,,,true,
LasVegasScheme,451,Uncategorized,,,LasVegasScheme,,,,true,
W9DGMX,452,Uncategorized,,Alamy,simple shovel with a wooden handle is stuck in a dry ground in an unfinished pit W9DGMX,,,,,
CHS-258,453,Uncategorized,,California Historical Society / USC Digital Library,"Los Angeles Times Building, First St. and Broadway, ca. 1905 (low-res only)",https://doi.org/10.25549/chs-m958,,true,true,true
2013647219,454,Uncategorized,,Library of Congress,"Telephone operator at work (switchboard), c. 1922",https://lccn.loc.gov/2013647219,,true,true,true
2014696545,455,Uncategorized,,Library of Congress,"Gov. Oddie at USS Nevada launching, July 11, 1914 (exposure a)",https://loc.gov/pictures/resource/ggbain.16569/,,true,true,true
2014696546,456,Uncategorized,,Library of Congress,"Gov. Oddie at USS Nevada launching, July 11, 1914 (exposure b)",https://lccn.loc.gov/2014696546,,true,true,true
2007662543,457,Uncategorized,,Library of Congress,"Alfalfa fields, Las Vegas, Nevada, 1910",https://lccn.loc.gov/2007662543,,true,true,true
2003665483,458,Uncategorized,,Library of Congress,"Reading room, 10-cent lodging house, Bowery, NYC, c. 1908",https://lccn.loc.gov/2003665483,,true,true,true
00694311,459,Uncategorized,,Library of Congress,"Sunset Limited, Southern Pacific Ry (Edison film, video), 1898",https://lccn.loc.gov/00694311,,,true,
00694263,460,Uncategorized,,Library of Congress,"Overland Express arriving at Helena, Mont (Edison film, video), 1897",https://lccn.loc.gov/00694263,,,true,
2018677796,461,Uncategorized,,Library of Congress,"Newsies. See California report. Location: Los Angeles, California / Lewis W. Hine, 1915",https://www.loc.gov/item/2018677796/,,true,true,true
CHS-5712,462,Uncategorized,,Nevada Historical Society,,,,,,
CC-00425,463,Uncategorized,,Nevada Historical Society,,,,,,
CC-00698,464,Uncategorized,,Nevada Historical Society,698,,,,,
CC-00393,465,Uncategorized,,Nevada Historical Society,393,,,,,
CC-00392,466,Uncategorized,,Nevada Historical Society,,,,,,
CC-00695,467,Uncategorized,,Nevada Historical Society,695,,,,,
CC-00711,468,Uncategorized,,Nevada Historical Society,711,,,,,
CC-00699,469,Uncategorized,,Nevada Historical Society,699,,,,,
CC-00700,470,Uncategorized,,Nevada Historical Society,700,,,,,
CC-01059,471,Uncategorized,,Nevada Historical Society,,,,,,
CC-00710,472,Uncategorized,,Nevada Historical Society,710,,,,,
CC-00950,473,Uncategorized,,Nevada Historical Society,CC 00950,,,,,
CC-01204,474,Uncategorized,,Nevada Historical Society,1204,,,,,
CC-01571,475,Uncategorized,,Nevada Historical Society,,,,,,
CC-01681,476,Uncategorized,,Nevada Historical Society,,,,,,
chs-m958,477,Uncategorized,,Nevada Historical Society,chs m958,,,,,
TNV005,478,Uncategorized,,Town of Tonopah,"Nevada-California Power Company facility, 1906",https://www.tonopahnevada.com/tonopah-historic-photos/,,true,true,true
TNV002,479,Uncategorized,,Town of Tonopah,"Double-jack drilling contest, Tonopah, July 4, 1903",https://www.tonopahnevada.com/tonopah-historic-photos/,,true,true,true
TNV004,480,Uncategorized,,Town of Tonopah,"Boxing match, Tonopah Athletic Club, 1900s",https://www.tonopahnevada.com/tonopah-historic-photos/,,true,true,true
pho019907,481,Uncategorized,,UNLV Special Collections,"Clara Beatty, former director of the Nevada State Historical Society, undated",http://n2t.net/ark:/62930/d1df6k73z,,,,
pho019908,482,Uncategorized,,UNLV Special Collections,"Eva Stewart, undated",http://n2t.net/ark:/62930/d18p5vf09,,,,
pho019909,483,Uncategorized,,UNLV Special Collections,"Mrs. Clarence Mackay, undated",http://n2t.net/ark:/62930/d14x54m6x,,,,
pho019912,484,Uncategorized,,UNLV Special Collections,"Anne Martin campaign for U.S. Senate, approximately 1918-1920",http://n2t.net/ark:/62930/d1rn30c3r,,true,true,true
pho019913,485,Uncategorized,,UNLV Special Collections,"Groundbreaking ceremony: Al Coradetti, Rodney Colton, Ira Earl, Frank Gusewelle (county/city commissioners), undated",http://n2t.net/ark:/62930/d1n00zz1c,,,,
pho019915,486,Uncategorized,,UNLV Special Collections,"Pioche, Nevada, 1885",http://n2t.net/ark:/62930/d1cf9jb46,,,,
snv002550,487,Uncategorized,,UNLV Special Collections,"McWilliams' Townsite, group of men outside businesses (1905)",https://special.library.unlv.edu/ark:/62930/d17s7j68s,,true,true,true
pho006181,488,Uncategorized,,UNLV Special Collections,"Squires (WARNING: search hit resolves to 1984-1986, likely wrong item, verify manually) (1984 to 1986)",https://special.library.unlv.edu/ark:/62930/d1th8bn05,,true,true,true
snv002515,489,Uncategorized,,UNLV Special Collections,"Division Club photo, men w/ signs (1900 to 1925)",https://special.library.unlv.edu/ark:/62930/d1rx93t7s,,true,true,true
pho019972,490,Uncategorized,,UNLV Special Collections,Baseball team (Unknown year in the decade of the 1910s),https://special.library.unlv.edu/ark:/62930/d10v89n2q,,true,true,true
pho006079,491,Uncategorized,,UNLV Special Collections,Arizona Club (1905 to 1915),https://special.library.unlv.edu/ark:/62930/d10p0wq8s,,true,true,true
pho014952,492,Uncategorized,,UNLV Special Collections,Machine shops (1910 to 1919),https://special.library.unlv.edu/ark:/62930/d13j3936d,,true,true,true
pho004806,493,Uncategorized,,UNLV Special Collections,Machine shops (1913),https://special.library.unlv.edu/ark:/62930/d1w37kv6r,,true,true,true
pho004893,494,Uncategorized,,UNLV Special Collections,Machine shops (1912 to 1914),https://special.library.unlv.edu/ark:/62930/d1542j80r,,true,true,true
pho023869,495,Uncategorized,,UNLV Special Collections,"Photograph of a baseball field, Pioche (Nev.), early 1900s [John Janney Photograph Collection on Pioche, Nevada]",https://special.library.unlv.edu/ark:/62930/d18s4jv51,,true,true,true
pho023870,496,Uncategorized,,UNLV Special Collections,"Photograph of Henry Lee and others, Pioche (Nev.), 1890-1910 [John Janney Photograph Collection on Pioche, Nevada]",https://special.library.unlv.edu/ark:/62930/d1513v223,,true,true,true
pho023872,497,Uncategorized,,UNLV Special Collections,"Photograph of the Alamo Club, Pioche (Nev.), 1934 [John Janney Photograph Collection on Pioche, Nevada]",https://special.library.unlv.edu/ark:/62930/d1wm1407j,,true,true,true
pho023873,498,Uncategorized,,UNLV Special Collections,"Photograph of the Price House, Pioche (Nev.), early 1900s [John Janney Photograph Collection on Pioche, Nevada]",https://special.library.unlv.edu/ark:/62930/d1rv0d63d,,true,true,true
pho023874,499,Uncategorized,,UNLV Special Collections,"Photograph of Henry Lee, Pioche (Nev.), early 1900s [John Janney Photograph Collection on Pioche, Nevada]",https://special.library.unlv.edu/ark:/62930/d1n29pc8x,,true,true,true
pho023875,500,Uncategorized,,UNLV Special Collections,"Photograph of Henry Lee, Pioche (Nev.), 1890-1910 [John Janney Photograph Collection on Pioche, Nevada]",https://special.library.unlv.edu/ark:/62930/d1h98zk39,,true,true,true
snv000706,501,Uncategorized,,UNLV Special Collections,"Photograph of the Samuel Newhouse party in Caliente departing for Salt Lake City, Caliente (Nev.), 1906 -- companion image to snv000705, same event [Lincoln County Museum Photograph Collection]",https://special.library.unlv.edu/ark%3A/62930/d16h4d462,,true,true,true
pho021426,502,Uncategorized,,UNLV Special Collections,Woman w/house (pho021426-011),,,,true,
pho023921,503,Uncategorized,,UNLV Special Collections,"Photo of house in Pioche, c. 1900",,,,,
snv001284,504,Uncategorized,,UNLV Special Collections,snv001284,,,,,
snv002494,505,Uncategorized,,UNLV Special Collections,snv002494,,,,true,
hln001042,506,Uncategorized,,UNLV Special Collections,hln001042,,,,true,
pho004898,507,Uncategorized,,UNLV Special Collections,pho004898,,,,true,
pho004442,508,Uncategorized,,UNLV Special Collections,pho004442.tif,,,,true,
pho004849,509,Uncategorized,,UNLV Special Collections,pho004849,,,,true,
pho004850,510,Uncategorized,,UNLV Special Collections,pho004850,,,,true,
pho004851,511,Uncategorized,,UNLV Special Collections,pho004851,,,,true,
pho004811,512,Uncategorized,,UNLV Special Collections,pho004811,,,,true,
pho006297,513,Uncategorized,,UNLV Special Collections,pho006297,,,,true,
pho006299,514,Uncategorized,,UNLV Special Collections,pho006299,,,,true,
pho006300,515,Uncategorized,,UNLV Special Collections,pho006300,,,,true,
pho006302,516,Uncategorized,,UNLV Special Collections,pho006302,,,,true,
pho006095,517,Uncategorized,,UNLV Special Collections,pho006095,,,,true,
pho006097,518,Uncategorized,,UNLV Special Collections,pho006097,,,,true,
pho006098,519,Uncategorized,,UNLV Special Collections,pho006098,,,,true,
pho006101,520,Uncategorized,,UNLV Special Collections,pho006101,,,,true,
pho006102,521,Uncategorized,,UNLV Special Collections,pho006102,,,,true,
pho006109,522,Uncategorized,,UNLV Special Collections,pho006109,,,,true,
pho006110,523,Uncategorized,,UNLV Special Collections,pho006110,,,,true,
pho006112,524,Uncategorized,,UNLV Special Collections,pho006112,,,,true,
pho006113,525,Uncategorized,,UNLV Special Collections,pho006113,,,,true,
pho006115,526,Uncategorized,,UNLV Special Collections,pho006115,,,,true,
pho006124,527,Uncategorized,,UNLV Special Collections,pho006124,,,,true,
pho006108,528,Uncategorized,,UNLV Special Collections,pho006108,,,,true,
pho006173,529,Uncategorized,,UNLV Special Collections,pho006173,,,,true,
pho006268,530,Uncategorized,,UNLV Special Collections,pho006268,,,,true,
pho007096,531,Uncategorized,,UNLV Special Collections,pho007096,,,,true,
pho007099,532,Uncategorized,,UNLV Special Collections,pho007099,,,,true,
pho007100,533,Uncategorized,,UNLV Special Collections,pho007100,,,,true,
pho007103,534,Uncategorized,,UNLV Special Collections,pho007103,,,,true,
pho007104,535,Uncategorized,,UNLV Special Collections,pho007104,,,,true,
pho007105,536,Uncategorized,,UNLV Special Collections,pho007105,,,,true,
pho007107,537,Uncategorized,,UNLV Special Collections,pho007107,,,,true,
pho007111,538,Uncategorized,,UNLV Special Collections,pho007111,,,,true,
pho007114,539,Uncategorized,,UNLV Special Collections,pho007114,,,,true,
pho007186,540,Uncategorized,,UNLV Special Collections,pho007186,,,,true,
pho006876,541,Uncategorized,,UNLV Special Collections,pho006876,,,,true,
pho006881,542,Uncategorized,,UNLV Special Collections,pho006881,,,,true,
pho006883,543,Uncategorized,,UNLV Special Collections,pho006883,,,,true,
pho007462,544,Uncategorized,,UNLV Special Collections,pho007462,,,,true,
pho007540,545,Uncategorized,,UNLV Special Collections,pho007540,,,,true,
pho007541,546,Uncategorized,,UNLV Special Collections,pho007541,,,,true,
pho007542,547,Uncategorized,,UNLV Special Collections,pho007542,,,,true,
pho007543,548,Uncategorized,,UNLV Special Collections,pho007543,,,,true,
pho007637,549,Uncategorized,,UNLV Special Collections,pho007637,,,,true,
pho007638,550,Uncategorized,,UNLV Special Collections,pho007638,,,,true,
pho007050,551,Uncategorized,,UNLV Special Collections,pho007050,,,,true,
pho005957,552,Uncategorized,,UNLV Special Collections,pho005957,,,,true,
pho008158,553,Uncategorized,,UNLV Special Collections,pho008158,,,,true,
pho012905,554,Uncategorized,,UNLV Special Collections,pho012905,,,,true,
pho012908,555,Uncategorized,,UNLV Special Collections,pho012908,,,,true,
pho012909,556,Uncategorized,,UNLV Special Collections,pho012909,,,,true,
pho012955,557,Uncategorized,,UNLV Special Collections,pho012955,,,,true,
pho013049,558,Uncategorized,,UNLV Special Collections,pho013049,,,,true,
pho013081,559,Uncategorized,,UNLV Special Collections,pho013081,,,,true,
pho013082,560,Uncategorized,,UNLV Special Collections,pho013082,,,,true,
pho013113,561,Uncategorized,,UNLV Special Collections,pho013113,,,,true,
pho013121,562,Uncategorized,,UNLV Special Collections,pho013121,,,,true,
pho013265,563,Uncategorized,,UNLV Special Collections,pho013265,,,,true,
pho013290,564,Uncategorized,,UNLV Special Collections,pho013290,,,,true,
pho009786,565,Uncategorized,,UNLV Special Collections,pho009786,,,,true,
pho013508,566,Uncategorized,,UNLV Special Collections,pho013508,,,,true,
pho013440,567,Uncategorized,,UNLV Special Collections,pho013440,,,,true,
pho013441,568,Uncategorized,,UNLV Special Collections,pho013441,,,,true,
pho013442,569,Uncategorized,,UNLV Special Collections,pho013442,,,,true,
pho013443,570,Uncategorized,,UNLV Special Collections,pho013443,,,,true,
pho013445,571,Uncategorized,,UNLV Special Collections,pho013445,,,,true,
pho013456,572,Uncategorized,,UNLV Special Collections,pho013456,,,,true,
pho013548,573,Uncategorized,,UNLV Special Collections,pho013548,,,,true,
pho014335,574,Uncategorized,,UNLV Special Collections,pho014335,,,,true,
pho018477,575,Uncategorized,,UNLV Special Collections,pho018477,,,,true,
pho018486,576,Uncategorized,,UNLV Special Collections,pho018486,,,,true,
pho018508,577,Uncategorized,,UNLV Special Collections,pho018508,,,,true,
pho018536,578,Uncategorized,,UNLV Special Collections,pho018536,,,,true,
pho018408,579,Uncategorized,,UNLV Special Collections,pho018408,,,,true,
pho018457,580,Uncategorized,,UNLV Special Collections,pho018457,,,,true,
pho015064,581,Uncategorized,,UNLV Special Collections,pho015064,,,,true,
pho022596,582,Uncategorized,,UNLV Special Collections,pho022596,,,,true,
pho023735,583,Uncategorized,,UNLV Special Collections,pho023735,,,,true,
pho025132,584,Uncategorized,,UNLV Special Collections,pho025132,,,,true,
pho025371,585,Uncategorized,,UNLV Special Collections,pho025371,,,,true,
pho025374,586,Uncategorized,,UNLV Special Collections,pho025374,,,,true,
pho025528-001,587,Uncategorized,,UNLV Special Collections,pho025528 001,,,,true,
pho025528-002,588,Uncategorized,,UNLV Special Collections,pho025528 002,,,,true,
pho025839,589,Uncategorized,,UNLV Special Collections,pho025839,,,,true,
pho025842,590,Uncategorized,,UNLV Special Collections,pho025842,,,,true,
pho026014,591,Uncategorized,,UNLV Special Collections,,,,,true,
pho028463-001,592,Uncategorized,,UNLV Special Collections,pho028463 001,,,,true,
pho028463-002,593,Uncategorized,,UNLV Special Collections,pho028463 002,,,,true,
pho028463-003,594,Uncategorized,,UNLV Special Collections,pho028463 003,,,,true,
pho028463-004,595,Uncategorized,,UNLV Special Collections,pho028463 004,,,,true,
pho032945,596,Uncategorized,,UNLV Special Collections,pho032945,,,,true,
pho033345,597,Uncategorized,,UNLV Special Collections,pho033345,,,,true,
pho032608,598,Uncategorized,,UNLV Special Collections,pho032608,,,,true,
snv002495,599,Uncategorized,,UNLV Special Collections,snv002495,,,,true,
hln000131,600,Uncategorized,,UNLV Special Collections,hln000131,,,,true,
pho021426-012,601,Uncategorized,,UNLV Special Collections,pho021426 012,,,,true,
pho021426-011,602,Uncategorized,,UNLV Special Collections,pho021426 011,,,,true,
pho014583,603,Uncategorized,,UNLV Special Collections,pho014583,,,,true,
pho018437,604,Uncategorized,,UNLV Special Collections,pho018437,,,,true,
pho021423,605,Uncategorized,,UNLV Special Collections,pho021423,,,,true,
pho018445,606,Uncategorized,,UNLV Special Collections,pho018445,,,,true,
pho019796,607,Uncategorized,,UNLV Special Collections,pho019796,,,,true,
pho021413,608,Uncategorized,,UNLV Special Collections,pho021413,,,,true,
pho018153,609,Uncategorized,,UNLV Special Collections,pho018153,,,,true,
pho021426-004,610,Uncategorized,,UNLV Special Collections,pho021426 004,,,,true,
pho014694,611,Uncategorized,,UNLV Special Collections,pho014694,,,,true,
pho014317,612,Uncategorized,,UNLV Special Collections,pho014317,,,,true,
pho022760,613,Uncategorized,,UNLV Special Collections,pho022760,,,,true,
pho020545,614,Uncategorized,,UNLV Special Collections,pho020545,,,,true,
pho015059,615,Uncategorized,,UNLV Special Collections,pho015059,,,,true,
pho016095,616,Uncategorized,,UNLV Special Collections,pho016095,,,,true,
pho014563,617,Uncategorized,,UNLV Special Collections,pho014563,,,,true,
pho022836,618,Uncategorized,,UNLV Special Collections,pho022836,,,,true,
pho022753,619,Uncategorized,,UNLV Special Collections,pho022753,,,,true,
pho014949,620,Uncategorized,,UNLV Special Collections,pho014949,,,,true,
pho014950,621,Uncategorized,,UNLV Special Collections,pho014950,,,,true,
pho018704,622,Uncategorized,,UNLV Special Collections,pho018704,,,,true,
pho018705,623,Uncategorized,,UNLV Special Collections,pho018705,,,,true,
pho014696,624,Uncategorized,,UNLV Special Collections,pho014696,,,,true,
pho021428-002,625,Uncategorized,,UNLV Special Collections,pho021428 002,,,,true,
pho021428-001,626,Uncategorized,,UNLV Special Collections,pho021428 001,,,,true,
pho021428-004,627,Uncategorized,,UNLV Special Collections,pho021428 004,,,,true,
pho021428-007,628,Uncategorized,,UNLV Special Collections,pho021428 007,,,,true,
pho021428-008,629,Uncategorized,,UNLV Special Collections,pho021428 008,,Portait; girl; necklace,,true,
pho021428-011,630,Uncategorized,,UNLV Special Collections,pho021428 011,,,,true,
pho021428-012,631,Uncategorized,,UNLV Special Collections,pho021428 012,,Woman; Portrait Lottie Wengert,,true,
pho021428-016,632,Uncategorized,,UNLV Special Collections,pho021428 016,,,,true,
pho021428-006,633,Uncategorized,,UNLV Special Collections,pho021428 006,,,,true,
pho021428-009,634,Uncategorized,,UNLV Special Collections,pho021428 009,,,,true,
pho021428-015,635,Uncategorized,,UNLV Special Collections,pho021428 015,,,,true,
pho021790,636,Uncategorized,,UNLV Special Collections,pho021790,,,,true,
pho021799,637,Uncategorized,,UNLV Special Collections,pho021799,,,,true,
pho021801,638,Uncategorized,,UNLV Special Collections,pho021801,,,,true,
pho022967,639,Uncategorized,,UNLV Special Collections,pho022967,,,,true,
pho019828,640,Uncategorized,,UNLV Special Collections,pho019828,,,,true,
pho018384,641,Uncategorized,,UNLV Special Collections,pho018384,,,,true,
pho018385,642,Uncategorized,,UNLV Special Collections,pho018385,,,,true,
pho018386,643,Uncategorized,,UNLV Special Collections,pho018386,,,,true,
pho018406,644,Uncategorized,,UNLV Special Collections,pho018406,,,,true,
pho018407,645,Uncategorized,,UNLV Special Collections,pho018407,,,,true,
pho018422,646,Uncategorized,,UNLV Special Collections,pho018422,,,,true,
pho018474,647,Uncategorized,,UNLV Special Collections,pho018474,,,,true,
pho018475,648,Uncategorized,,UNLV Special Collections,pho018475,,,,true,
pho018476,649,Uncategorized,,UNLV Special Collections,pho018476,,,,true,
pho018478,650,Uncategorized,,UNLV Special Collections,pho018478,,,,true,
pho018483,651,Uncategorized,,UNLV Special Collections,pho018483,,,,true,
pho018501,652,Uncategorized,,UNLV Special Collections,pho018501,,Aerial; Pioche; Dexter Stables; Marysville; Hardware; J. J. Halpin; Stores,,true,
pho018513,653,Uncategorized,,UNLV Special Collections,pho018513,,,,true,
pho020527,654,Uncategorized,,UNLV Special Collections,pho020527,,,,true,
pho020529,655,Uncategorized,,UNLV Special Collections,pho020529,,,,true,
pho020528,656,Uncategorized,,UNLV Special Collections,pho020528,,,,true,
pho020535,657,Uncategorized,,UNLV Special Collections,pho020535,,,,true,
hln000041,658,Uncategorized,,UNLV Special Collections,hln000041,,,,true,
hln000437,659,Uncategorized,,UNLV Special Collections,hln000437,,,,true,
hln000011,660,Uncategorized,,UNLV Special Collections,hln000011,,,,true,
snv002524,661,Uncategorized,,UNLV Special Collections,snv002524,,,,true,
pho014675,662,Uncategorized,,UNLV Special Collections,pho014675,,,,true,
pho016203,663,Uncategorized,,UNLV Special Collections,pho016203,,Mr and Mrs; John S. Park; Car,,true,
pho014425,664,Uncategorized,,UNLV Special Collections,pho014425,,,,true,
hln000042,665,Uncategorized,,UNLV Special Collections,hln000042,,,,true,
hln000046,666,Uncategorized,,UNLV Special Collections,hln000046,,,,true,
hln000054,667,Uncategorized,,UNLV Special Collections,hln000054,,Water Conservation; Woman; Jean Nevada; Sign Post,,true,
hln000061,668,Uncategorized,,UNLV Special Collections,hln000061,,Maude Swartwood; Adobo House; Remains; Big Las Vegas Spring,,true,
hln000067,669,Uncategorized,,UNLV Special Collections,hln000067,,Vegas Wash; Captain Jim Ladd; Stage Wagon,,true,
hln000090,670,Uncategorized,,UNLV Special Collections,hln000090,,Las Vegas; Squires; Waving; Woman,,true,
hln000102,671,Uncategorized,,UNLV Special Collections,hln000102,,,,true,
hln000095-02,672,Uncategorized,,UNLV Special Collections,hln000095 02,,,,true,
hln000095-01,673,Uncategorized,,UNLV Special Collections,hln000095 01,,,,true,
hln000093a,674,Uncategorized,,UNLV Special Collections,hln000093a,,,,true,
hln000202,675,Uncategorized,,UNLV Special Collections,hln000202,,,,true,
hln000194,676,Uncategorized,,UNLV Special Collections,hln000194,,,,true,
hln000182,677,Uncategorized,,UNLV Special Collections,hln000182,,,,true,
hln000177,678,Uncategorized,,UNLV Special Collections,hln000177,,,,true,
hln000176,679,Uncategorized,,UNLV Special Collections,hln000176,,,,true,
hln000167,680,Uncategorized,,UNLV Special Collections,hln000167,,Las Vegas Ranch,,true,
hln000165,681,Uncategorized,,UNLV Special Collections,hln000165,,,,true,
hln000162,682,Uncategorized,,UNLV Special Collections,hln000162,,,,true,
hln000219,683,Uncategorized,,UNLV Special Collections,,,,,true,
hln000220,684,Uncategorized,,UNLV Special Collections,hln000220,,,,true,
hln000462,685,Uncategorized,,UNLV Special Collections,hln000462.tif,,,,true,
hln000461,686,Uncategorized,,UNLV Special Collections,hln000461.tif,,,,true,
hln000460,687,Uncategorized,,UNLV Special Collections,hln000460.tif,,,,true,
hln000319,688,Uncategorized,,UNLV Special Collections,,,,,true,
hln000298,689,Uncategorized,,UNLV Special Collections,hln000298.tif,,,,true,
hln000297,690,Uncategorized,,UNLV Special Collections,hln000297,,,,true,
hln000241,691,Uncategorized,,UNLV Special Collections,,,,,true,
hln000240,692,Uncategorized,,UNLV Special Collections,,,,,true,
hln000495,693,Uncategorized,,UNLV Special Collections,hln000495,,,,true,
27082,694,Uncategorized,,Utah Historical Society,"Ely, Nevada P.18",https://collections.lib.utah.edu/ark:/87278/s6sb4gh4,,true,true,true
25049,695,Uncategorized,,Utah Historical Society,"San Pedro, Los Angeles & Salt Lake RR P.11",https://collections.lib.utah.edu/ark:/87278/s6bv7r2w,,true,true,true
750,696,Uncategorized,,Utah Historical Society,"San Pedro, Los Angeles & Salt Lake RR P.2",https://collections.lib.utah.edu/ark:/87278/s6cv4s68,,true,true,true
82003220,697,Uncategorized,,Wikimedia Commons,"Brann Boardinghouse, Tonopah, NV, built 1906",https://en.wikipedia.org/wiki/Brann_Boardinghouse,,true,,true
83001121,698,Uncategorized,,Wikimedia Commons,"Nortonia Boarding House, Reno, NV",https://en.wikipedia.org/wiki/Nortonia_Boarding_House,,true,,true
17527202,699,Uncategorized,,Wikimedia Commons,"Southern Nevada Consolidated Telephone-Telegraph Co. Building, Goldfield, NV, 1906","https://commons.wikimedia.org/wiki/File:Southern_Nevada_Consolidated_Telephone-Telegraph_Company_Building,_Goldfield,_Nevada.jpg",,true,,true
campphotoscollection_5365,700,Urban & Street Scenes,,,"campphotoscollection:5365 Downtown Reno, a few people",,,,,
campphotoscollection_5367,701,Urban & Street Scenes,,,campphotoscollection:5367 Downtown Reno,,,,,
2012648308,702,Urban & Street Scenes,,Library of Congress,"Goldfield, Nevada street scene, c. 1907",http://hdl.loc.gov/loc.pnp/cph.3a15639,,true,true,true
800387,703,Urban & Street Scenes,"general ref, no clear page",New York Public Library,"NYC street scene, 1910",https://digitalcollections.nypl.org/items/91e81af0-c559-012f-8b4b-58d385a7bc34,"Street Scene; New York City, NY",true,true,
L87-1.5321X-10,704,Urban & Street Scenes,"general ref, no clear page",Northwest Museum (Ferris Archives),"Spokane, 1910, city view",https://ferrisarchives.northwestmuseum.org/Item/Index/3699,,true,true,true
L87-1.5637X-10,705,Urban & Street Scenes,"general ref, no clear page",Northwest Museum (Ferris Archives),"Spokane, 1910, city view with big bank",https://ferrisarchives.northwestmuseum.org/Item/Index/3702,,true,true,
AAA-7143,706,Urban & Street Scenes,"general ref, no clear page",San Francisco Public Library,"Union Square, San Francisco, circa 1910 [San Francisco Subjects Photograph Collection, SFP 162]",https://digitalsf.org/record/17191,"Downtown; San Francisco, CA",true,true,true
AAB-6085,707,Urban & Street Scenes,,San Francisco Public Library,"Intersection of Sutter, Sansome and Market Streets, San Francisco, March 28, 1910 [San Francisco Subjects Photograph Collection, SFP 162]",https://digitalsf.org/record/23966,"Downtown; San Francisco, CA",true,true,true
DPW-46-2,708,Urban & Street Scenes,,San Francisco Public Library,"Vicente Street sewer near 30th Ave. ('Brick invert'), San Francisco, July 9, 1910 [San Francisco Department of Public Works Bureau of Engineering Photograph Records, SFP 26]",https://digitalsf.org/record/6563,,true,true,true
AAB-6092,709,Urban & Street Scenes,,San Francisco Public Library,"East on Market from 4th Street, San Francisco, 1910-1912 (Photographer: H.C. Tibbitts) [San Francisco Subjects Photograph Collection, SFP 162]",https://digitalsf.org/record/23973,,true,,true
pho019906,710,Urban & Street Scenes,,UNLV Special Collections,"Photograph of Tonopah, Nevada, 1906 (aerial view including red light district)",http://n2t.net/ark:/62930/d1j67916m,,true,true,true
pho019905,711,Urban & Street Scenes,,UNLV Special Collections,"Delamar, Nevada, 1907 (panorama)",http://n2t.net/ark:/62930/d1nv99f9p,,true,true,true
pho019917,712,Urban & Street Scenes,,UNLV Special Collections,"Pioche, Nevada, 1906 (street scene, Clark's Place)",http://n2t.net/ark:/62930/d13x83q56,,true,true,true
pho004120,713,Urban & Street Scenes,,UNLV Special Collections,Street w/ construction (1910),https://special.library.unlv.edu/ark:/62930/d1pz51k90,,true,true,true
pho025802,714,Urban & Street Scenes,,UNLV Special Collections,Peter Buol (1911 to 1913),https://special.library.unlv.edu/ark:/62930/d1mk65f9t,,,true,true
hln000094,715,Urban & Street Scenes,,UNLV Special Collections,Gushing well (Unknown year in the decade of the 1900s (year approximate)),https://special.library.unlv.edu/ark:/62930/d14j0dw83,,true,true,true
hln000062,716,Urban & Street Scenes,,UNLV Special Collections,"Photograph of people at Las Vegas Spring, before 1915",https://special.library.unlv.edu/ark:/62930/d1sf2qb3v,,true,true,true
hln000003,717,Urban & Street Scenes,,UNLV Special Collections,"Photograph of bridge over Vegas Creek, Las Vegas, circa 1900",https://special.library.unlv.edu/ark:/62930/d1610zr3z,,true,true,true
hln000040,718,Urban & Street Scenes,,UNLV Special Collections,Well in stream (1911 to 1949),https://special.library.unlv.edu/ark:/62930/d1mw2cd5h,,,,
hln000221,719,Urban & Street Scenes,,UNLV Special Collections,"Photograph of a drill rig putting down the hole for the first well in the Las Vegas Heights District, circa 1907",https://special.library.unlv.edu/ark:/62930/d13n23d35,,true,true,true
hln000239,720,Urban & Street Scenes,,UNLV Special Collections,"Photograph of artesian well in Paradise Valley, before 1920",https://special.library.unlv.edu/ark:/62930/d1s759j63,,true,true,true
pho013038,721,Urban & Street Scenes,,UNLV Special Collections,Ed Clark age 25 / Forwarding Company (1904 to 1906),https://special.library.unlv.edu/ark:/62930/d1vm4300k,,true,true,true
pho014576,722,Urban & Street Scenes,,UNLV Special Collections,Leon Rockwell (1908),https://special.library.unlv.edu/ark:/62930/d1930nx52,,true,true,true
pho017850,723,Urban & Street Scenes,,UNLV Special Collections,"Main Street, Caliente (1900 to 1910)",https://special.library.unlv.edu/ark:/62930/d1bk16s9b,,true,true,true
pho023866,724,Urban & Street Scenes,,UNLV Special Collections,"Photograph of an aerial view of Pioche (Nev.), early 1900s [John Janney Photograph Collection on Pioche, Nevada]",https://special.library.unlv.edu/ark:/62930/d1p26q89n,,true,true,true
pho023868,725,Urban & Street Scenes,,UNLV Special Collections,"Photograph of an aerial view of Pioche (Nev.), early 1900s [John Janney Photograph Collection on Pioche, Nevada]",https://special.library.unlv.edu/ark:/62930/d1dj58n95,,true,true,true
pho025988,726,Urban & Street Scenes,,UNLV Special Collections,"Photograph of back of First Methodist Church building, Las Vegas (Nev.) -- located at 3rd and Bridger Streets, circa 1900-1925 [Sunnie Gillette Photograph Collection]. See also pho025987 (front view).",https://special.library.unlv.edu/ark%3A/62930/d1mw2cc2m,,true,true,true
pho006198,727,Urban & Street Scenes,,UNLV Special Collections,"Photograph of Delphine Squires in Las Vegas during construction of Squires house at 407 Fremont St., April 1906 [Charles P. Squires Photograph Collection]",http://n2t.net/ark:/62930/d1ms3k16w,,true,true,true
PH-00002,728,Urban & Street Scenes,,UNLV Special Collections,"Ed Clark, c. 1932 [pics of Ronnow]",,,,,
NEEDS-ID-22,729,Urban & Street Scenes,"general ref, no clear page",UNLV Special Collections (not digitized),"Leon Rockwell on the Colorado River, 1907 - NOT DIGITIZED",https://special.library.unlv.edu/node/279368,,,,
CHS-1876,730,Urban & Street Scenes,,USC Digital Library,"Broadway north from Fourth Street, downtown Los Angeles, 1903-1905 [California Historical Society Collection, 1860-1960]",http://doi.org/10.25549/chs-m86,,true,true,true
CHS-5247,731,Urban & Street Scenes,,USC Digital Library,"Main Street, looking north-east, Riverside, California, circa 1905 (Creator: C.C. Pierce) [California Historical Society Collection, 1860-1960]",http://doi.org/10.25549/chs-m8183,,true,true,true
8473926,732,Urban & Street Scenes,,Wikimedia Commons,"Street scenery, Goldfield, NV",https://commons.wikimedia.org/wiki/File:Goldfield_NV_-_street_scenery.jpg,,true,,true
